0.585,-0.435,-0.3275
-0.3275,0.485,0.4476530612244898
-0.44173469387755104,0.6425,-0.5372448979591836
-0.485,-0.435,0.6425
-0.35586734693877553,0.485,-0.435
-0.485,0.535,-0.3275
-0.3275,-0.485,-0.435
0.435,-0.3275,-0.485
0.485,-0.435,0.7186224489795918
-0.3275,0.485,0.435
-0.48647542632756896,0.5335245736724311,-0.328975426327569
-0.3275,-0.48647542632756896,-0.43647542632756897
0.435,-0.3275,-0.48647542632756896
0.485,-0.43647542632756897,0.7200978753071607
-0.3275,0.48647542632756896,0.43647542632756897
-0.485,0.535,-0.33104626230602924
-0.32957083597846026,-0.485,-0.4385462623060292
0.435,-0.32957083597846026,-0.4885462623060292
0.485,-0.4385462623060292,0.7180270393287005
-0.3275,0.485,0.4385462623060292
-0.485,0.5343040453142041,-0.3317422169918252
-0.33026679066425624,-0.485,-0.4392422169918252
0.43569595468579597,-0.3288748812926643,-0.4892422169918252
0.48569595468579596,-0.43785030762023325,0.7187229940144965
-0.328195954685796,0.48569595468579596,0.4392422169918252
-0.485,0.5348325597913033,-0.3322707314689245
-0.3307953051413555,-0.485,-0.4397707314689245
0.4351674402086967,-0.328346366815565,-0.48977073146892447
0.4851674402086967,-0.43732179314313396,0.7181944795373972
-0.32872446916289527,0.48622446916289525,0.4387137025147259
-0.485,0.5334513892675827,-0.33088956094520394
-0.32941413461763497,-0.485,-0.44115190199264503
0.43654861073241724,-0.3275,-0.4883895609452039
0.48654861073241723,-0.4387029636668545,0.7195756500611178
-0.3275,0.485,0.44009487303844647
-0.4863219853257128,0.5321294039418699,-0.33221154627091676
-0.3307361199433478,-0.485,-0.44247388731835785
0.43787059605813006,-0.3275,-0.48971154627091673
0.4852266254067044,-0.4373809783411417,0.7208976353868306
-0.3275,0.485,0.43877288771273365
-0.485709199244389,0.5315166178605462,-0.33282433235224057
-0.3313489060246716,-0.4856127860813238,-0.44308667339968166
0.43848338213945387,-0.3281127860813238,-0.4890987601895929
0.4858394114880282,-0.4379937644224655,0.7215104214681544
-0.3275,0.485,0.43816010163140984
-0.48508470324073,0.5321411138642052,-0.33344882835589956
-0.3307244100210126,-0.4862372820849828,-0.44246217739602267
0.43910787814311286,-0.3275,-0.4897232561932519
0.48521491548436924,-0.4386182604261245,0.7208859254644954
-0.3275,0.485,0.43753560562775085
-0.485,0.532444532380423,-0.33375224687211735
-0.3310278285372304,-0.4865407006012006,-0.44276559591224046
0.43880445962689507,-0.3278034185162178,-0.4894198376770341
0.485,-0.4383148419099067,0.7211893439807132
-0.3278034185162178,0.485,0.43723218711153305
-0.4851899385262976,0.5326344709067206,-0.33394218539841497
-0.331217767063528,-0.48635076207490296,-0.44257565738594284
0.4389943981531927,-0.3279933570425154,-0.4892298991507365
0.4851899385262976,-0.43850478043620433,0.7213792825070108
-0.3276134799899202,0.4851899385262976,0.43742212563783067
-0.485,0.5305386752105116,-0.33603798109462396
-0.329121971367319,-0.485,-0.44047986168973385
0.4368986024569837,-0.3300891527387244,-0.4913256948469455
0.4872857342225066,-0.4406005761324133,0.7234750782032198
-0.3297092756861292,0.485,0.43951792133403966
-0.4853079618156904,0.530846637026202,-0.3363459429103144
-0.3288140095516286,-0.4853079618156904,-0.4401718998740434
0.43659064064129327,-0.33039711455441484,-0.4916336566626359
0.48697777240681617,-0.4402926143167229,0.7237830400189103
-0.3300172375018196,0.485,0.43920995951834924
-0.485469239598449,0.5310079148089606,-0.3361846651275558
-0.32865273176887,-0.4851466840329318,-0.440333177656802
0.4364293628585347,-0.33023583677165624,-0.4917949344453945
0.48681649462405757,-0.4404538920994815,0.7239443178016688
-0.3301785152845782,0.4851612777827586,0.43904868173559064
-0.485,0.5317829483514606,-0.33695969867005576
-0.32942776531136997,-0.485,-0.441108211199302
0.43720439640103465,-0.3294608032291563,-0.4925699679878945
0.4860414610815576,-0.4396788585569815,0.7231692842591688
-0.33095354882707817,0.485,0.4398237152780906
-0.485,0.5303295809949834,-0.3355063313135786
-0.3279743979548928,-0.485,-0.4396548438428248
0.4357510290445575,-0.33091417058563344,-0.4911166006314173
0.485,-0.4411322259134587,0.724622651615646
-0.329500181470601,0.485,0.43837034792161345
-0.4857166723223124,0.529612908672671,-0.33478965899126617
-0.3275,-0.485,-0.44037151616513726
0.4364677013668699,-0.33163084290794587,-0.49183327295372975
0.485,-0.44041555359114626,0.7253393239379584
-0.3287835091482886,0.4857166723223124,0.437653675599301
-0.485,0.5303618097022592,-0.3355385600208544
-0.3275,-0.48574890102958823,-0.4411204171947255
0.43571880033728166,-0.3308819418783576,-0.492582173983318
0.485,-0.4411644546207345,0.7260882249675467
-0.32803460811870033,0.48646557335190066,0.4369047745697128
-0.485,0.529448623211898,-0.3364517465112156
-0.3284131864903612,-0.485,-0.4402072307043643
0.43663198682764287,-0.3299687553879964,-0.4916689874929568
0.485,-0.4402512681303733,0.7251750384771855
-0.32894779460906154,0.48555238686153945,0.43599158807935157
-0.485,0.529376130138803,-0.33652423958431066
-0.32848567956345626,-0.485072493073095,-0.44027972377745933
0.43655949375454783,-0.33004124846109145,-0.49159649441986175
0.485072493073095,-0.44032376120346833,0.7251025454040905
-0.3288753015359665,0.4854798937884444,0.43591909500625653
-0.485,0.5284283128060278,-0.3355764222515354
-0.327537862230681,-0.485,-0.43933190644468406
0.43561167642177256,-0.3309890657938667,-0.4906486770870865
0.485,-0.4412715785362436,0.7260503627368657
-0.32792748420319123,0.4864277111212197,0.4368669123390318
-0.485,0.5278696781623254,-0.3361350568952377
-0.3275,-0.4855586346437023,-0.4398905410883864
0.43505304177807025,-0.33154770043756904,-0.4912073117307888
0.4855586346437023,-0.4407129438925413,0.7266089973805681
-0.3275,0.48586907647751737,0.4374255469827341
-0.4854588240021791,0.5274108541601463,-0.3356762328930586
-0.3275,-0.4850998106415232,-0.43943171708620726
0.435,-0.33200652443974815,-0.4907484877286097
0.4850998106415232,-0.4411717678947204,0.7270678213827472
-0.3275,0.48541025247533826,0.436966722980555
-0.4854892740059969,0.5273804041563286,-0.3356457828892408
-0.3275,-0.4850693606377054,-0.43946216709002506
0.4350304500038178,-0.33203697444356595,-0.4907180377247919
0.485130260645341,-0.4412022178985382,0.7270982713865649
-0.3275,0.48544070247915605,0.4369362729767372
-0.4855757026924176,0.5272939754699079,-0.3357322115756615
-0.32758642868642074,-0.485,-0.43937573840360433
0.4351168786902385,-0.3319505457571452,-0.4908044664112126
0.4852166893317617,-0.4412886465849589,0.7270118427001442
-0.32758642868642074,0.4853542737927353,0.4368498442903165
-0.485,0.5261652835538387,-0.33686090349173065
-0.3275,-0.485,-0.44050443031967346
0.435,-0.33307923767321435,-0.49193315832728174
0.485,-0.4401599546688898,0.7258831507840751
-0.3275,0.48648296570880445,0.4379785362063856
-0.48631647633201025,0.5248488072218285,-0.3381773798237409
-0.3275,-0.485,-0.4418209066516837
0.43631647633201026,-0.3343957140052246,-0.493249634659292
0.485,-0.44147643100090006,0.7271996271160853
-0.3288164763320103,0.4851664893767942,0.43929501253839587
-0.4864849548241622,0.5246803287296765,-0.33834585831589287
-0.32766847849215197,-0.485,-0.4419893851438357
0.4364849548241622,-0.33422723551307265,-0.49341811315144396
0.48516847849215194,-0.4413079525087481,0.7273681056082373
-0.3286479978398583,0.485,0.4391265340462439
-0.48680309021684176,0.524362193336997,-0.3386639937085724
-0.3275,-0.485,-0.44230752053651523
0.43680309021684177,-0.3339091001203931,-0.4937362485441235
0.4854866138848315,-0.44098981711606855,0.7270499702155577
-0.32832986244717877,0.485,0.43944466943892346
-0.4864958370540924,0.5240549401742476,-0.3389712468713218
-0.3275,-0.48530725316274936,-0.44200026737376585
0.43711034337959115,-0.3342163532831425,-0.4940435017068729
0.4851793607220821,-0.4412970702788179,0.7267427170528084
-0.32863711560992814,0.48530725316274936,0.43975192260167284
-0.48673868350972427,0.5238120937186157,-0.3392140933269537
-0.3275,-0.4850644067071175,-0.44224311382939774
0.43735318983522303,-0.33445919973877436,-0.4942863481625048
0.485422207177714,-0.4415399167344498,0.7264998705971765
-0.32839426915429626,0.4850644067071175,0.43950907614604096
-0.4868198574870365,0.5237309197413035,-0.33913291934964146
-0.3275,-0.485,-0.4421619398520855
0.4372720158579108,-0.3345403737160866,-0.49420517418519255
0.4853410332004018,-0.4414587427571376,0.7265810445744887
-0.32831309517698404,0.485,0.43942790216872873
-0.4872531856196401,0.5241642478739071,-0.33956624748224506
-0.3279333281326036,-0.485,-0.4425952679846891
0.4377053439905144,-0.3349737018486902,-0.49463850231779616
0.485,-0.4418920708897412,0.7270143727070923
-0.32787976704438043,0.4854333281326036,0.43899457403612513
-0.4868362418122266,0.5245811916813206,-0.33998319128965854
-0.32751638432519015,-0.48541694380741346,-0.4430122117921026
0.4381222877979279,-0.33539064565610366,-0.49505544612520963
0.48541694380741346,-0.4414751270823277,0.7274313165145058
-0.3282967108517939,0.4850163843251901,0.4394115178435386
-0.4865211277420906,0.5248963057514565,-0.3396680772195225
-0.3275,-0.48510182973727745,-0.4433273258622386
0.4384374018680639,-0.33570575972623967,-0.49537056019534564
0.4857320578775495,-0.4411600130121917,0.7271162024443698
-0.3286118249219299,0.48533149839532613,0.4390964037734026
-0.48623980964411273,0.5246149876534786,-0.3399493953175004
-0.3277813180979779,-0.485,-0.44304600776426073
0.4387187199660418,-0.3354244416282618,-0.4956518782933235
0.48601337597552735,-0.44087869491421383,0.7273975205423477
-0.32833050682395204,0.48505018029734825,0.43937772187138047
-0.48536381356454217,0.5254909837330491,-0.34082539139707096
-0.32865731417754845,-0.485,-0.44217001168469017
0.43959471604561234,-0.33630043770783236,-0.49477588221375296
0.4851373798959568,-0.4417546909937844,0.7265215244627772
-0.3292065029035226,0.485,0.4385017257918099
-0.485,0.524915761324642,-0.34025016898866384
-0.3280820917691413,-0.485,-0.44159478927628304
0.44016993845401947,-0.33572521529942523,-0.49420065980534583
0.485,-0.4423299134021915,0.72594630205437
-0.32978172531192973,0.4855752224084071,0.43907694820021703
-0.485,0.524986049469436,-0.34032045713345777
-0.3280118036243474,-0.4850702881447939,-0.4415245011314891
0.4402402265988134,-0.33579550344421916,-0.49427094795013976
0.485,-0.4422596252573976,0.7258760139095761
-0.3297114371671358,0.48564551055320104,0.43914723634501096
-0.48507540893790585,0.5250614584073419,-0.34039586607136363
-0.32793639468644153,-0.4851456970826998,-0.441599910069395
0.44016481766090754,-0.3357200945063133,-0.4941955390122339
0.485,-0.44233503419530346,0.7258006049716702
-0.32963602822922994,0.4855701016152952,0.4392226452829168
-0.485,0.5246981330059626,-0.3407591914727429
-0.3282997200878208,-0.485,-0.4412365846680157
0.4405281430622868,-0.3360834199076926,-0.4938322136108546
0.4853633254013793,-0.44269835959668274,0.7254372795702909
-0.3299993536306092,0.4852067762139159,0.4395859706842961
-0.4851743147812999,0.5248724477872625,-0.340584876691443
-0.3281254053065209,-0.485,-0.4414108994493156
0.44070245784358675,-0.3362577346889925,-0.49400652839215453
0.4855376401826792,-0.4425240448153828,0.7256115943515908
-0.33017366841190915,0.48503246143261597,0.4394116559029962
-0.4853619550857786,0.5250600880917412,-0.3407725169959217
-0.3279377650020422,-0.4851876403044787,-0.4412232591448369
0.44051481753910804,-0.3360700943845138,-0.4938188880876758
0.4853499998782005,-0.44271168511986153,0.7254239540471121
-0.33036130871638786,0.485,0.4395992962074749
-0.485,0.5245643203054893,-0.3412682847821736
-0.32843353278829407,-0.485,-0.4417190269310888
0.44001904975285616,-0.3355743265982619,-0.4943146558739277
0.485,-0.44221591733360965,0.7249281862608602
-0.329865540930136,0.48549576778625186,0.4400950639937268
-0.485,0.5239016127431227,-0.3406055772198071
-0.3277708252259276,-0.485,-0.4410563193687223
0.44068175731522263,-0.33491161903589545,-0.49365194831156123
0.485,-0.4415532097712432,0.7255908938232267
-0.33052824849250245,0.48615847534861834,0.44075777155609325
-0.485,0.5236504167642669,-0.3408567731986629
-0.3275196292470718,-0.4852511959788558,-0.4408051233898665
0.4404305613363668,-0.33466042305703964,-0.4934007523327054
0.485,-0.441804405750099,0.7253396978443709
-0.33027705251364664,0.4859072793697625,0.44050657557723744
-0.485,0.5231006032493702,-0.34140658671355956
-0.3275,-0.485,-0.44025530987496986
0.44098037485126346,-0.33521023657193627,-0.49395056584760205
0.4855498135148966,-0.44125459223520236,0.7247898843294742
-0.3308268660285433,0.4853574658548659,0.4399567620623408
-0.485,0.52316015386846,-0.3413470360944697
-0.3275,-0.485,-0.44019575925588
0.4410399254703533,-0.3351506859528464,-0.4940101164666919
0.4856093641339865,-0.4411950416161125,0.724849434948564
-0.33088641664763313,0.48541701647395574,0.44001631268143065
-0.485,0.5235198631507242,-0.34170674537673384
-0.3275,-0.485,-0.44055546853814415
0.44139963475261745,-0.3347909766705823,-0.49436982574895605
0.4859690734162506,-0.44083533233384836,0.7244897256662999
-0.3312461259298973,0.4857767257562199,0.4403760219636948
-0.485,0.5235660318093995,-0.3417529140354092
-0.32754616865867536,-0.48504616865867534,-0.4405092998794688
0.4413534660939421,-0.3348371453292576,-0.4944159944076314
0.48592290475757527,-0.440789163675173,0.7244435570076245
-0.3312922945885726,0.48573055709754454,0.44032985330501945
-0.485,0.5241397116955444,-0.34232659392155407
-0.3275,-0.4856198485448202,-0.4399356199933239
0.441927145980087,-0.33426346544311275,-0.4938423145214865
0.4853492248714304,-0.44021548378902814,0.7250172368937694
-0.3318659744747175,0.48515687721139966,0.4397561734188746
-0.485,0.5239779960652644,-0.34248830955183407
-0.32766171563028,-0.4857815641751002,-0.4397739043630439
0.442088861610367,-0.33442518107339275,-0.4936805988912065
0.4851875092411504,-0.44037719941930814,0.7251789525240494
-0.3320276901049975,0.48531859284167966,0.4395944577885946
-0.485,0.5236852934021603,-0.34278101221493823
-0.3275,-0.48607426683820437,-0.43948120169993976
0.44238156427347114,-0.3347178837364969,-0.4939733015543107
0.485,-0.4406699020824123,0.7254716551871535
-0.33173498744189334,0.4856112955047838,0.43988716045169873
-0.4851817838025371,0.5238670772046974,-0.3425992284124011
-0.32768178380253715,-0.48589248303566723,-0.4392994178974026
0.4425633480760083,-0.33489966753903405,-0.4941550853568478
0.485,-0.44048811827987516,0.7256534389896906
-0.3319167712444305,0.4854295117022467,0.4397053766491616
-0.4852906304975403,0.5237582305096942,-0.34249038171739793
-0.3277906304975403,-0.48578363634066407,-0.4394082645924058
0.44267219477101144,-0.3347908208440309,-0.49404623866184466
0.485,-0.4405969649748783,0.7257622856846938
-0.33202561793943364,0.48553835839724985,0.43981422334416476
-0.48546511674544873,0.5239327167576027,-0.3423158954694895
-0.32796511674544876,-0.4856091500927556,-0.43958275084031423
0.4428466810189199,-0.33461633459612244,-0.4938717524139362
0.485,-0.44077145122278677,0.7259367719326023
-0.3318511316915252,0.4853638721493414,0.4399887095920732
-0.4859640259634597,0.5234338075395917,-0.3428148046875005
-0.3275,-0.48511024087474464,-0.43908384162230324
0.4423477718009089,-0.33411742537811145,-0.4933728431959252
0.485,-0.4402725420047758,0.7254378627145913
-0.3313522224735142,0.485,0.4394898003740622
-0.4852953537922342,0.5227651353683662,-0.343483476858726
-0.32816867217122553,-0.485,-0.43975251379352875
0.4416790996296834,-0.33478609754933697,-0.4927041710246997
0.485,-0.43960386983355026,0.7261065348858168
-0.3306835503022887,0.4856686721712255,0.4401584725452877
-0.485,0.5222261469463914,-0.34402246528070085
-0.32762968374925067,-0.48553898842197485,-0.4402915022155036
0.4411401112077085,-0.33532508597131183,-0.4932431594466746
0.485,-0.4390648814115754,0.7266455233077916
-0.33122253872426355,0.48512968374925064,0.43961948412331286
-0.4851967920956993,0.522029354850692,-0.3442192573764002
-0.3275,-0.4853421963262755,-0.4400947101198043
0.44133690330340786,-0.33552187806701117,-0.4934399515423739
0.4851967920956993,-0.43926167350727474,0.7264487312120923
-0.3314193308199629,0.485,0.4394226920276135
-0.48533538368042156,0.5221679464354142,-0.3443578489611224
-0.32763859158472225,-0.4852036047415533,-0.43995611853508204
0.4411983117186856,-0.33538328648228893,-0.4933013599576517
0.48533538368042156,-0.439400265091997,0.7263101396273701
-0.3315579224046851,0.485,0.4392841004428913
-0.4858315161098348,0.5216718140060009,-0.3448539813905357
-0.3275,-0.485,-0.4394599861056688
0.4416944441480989,-0.3358794189117022,-0.49379749238706494
0.485,-0.4389041326625837,0.7258140071979569
-0.3320540548340984,0.48549613242941325,0.438787968013478
-0.48545862023192743,0.5212989181280936,-0.3452268772684431
-0.3275,-0.485,-0.4398328819835762
0.4420673400260063,-0.3355065230337948,-0.49342459650915754
0.4853728958779074,-0.4385312367846763,0.7254411113200495
-0.3324269507120058,0.48512323655150585,0.4384150721355706
-0.4854897526349028,0.5212677857251182,-0.34525800967141845
-0.3275311324029754,-0.485,-0.4398017495806008
0.4420362076230309,-0.33547539063081944,-0.4934557289121329
0.48540402828088275,-0.43850010438170095,0.7254722437230249
-0.33245808311498115,0.4851543689544812,0.438446204538546
-0.485381064447129,0.5211590975373444,-0.3453666978591923
-0.3276398205907492,-0.4851086881877738,-0.439693061392827
0.4419275194352571,-0.3353667024430456,-0.4933470407243591
0.48529534009310893,-0.43860879256947477,0.7255809319107988
-0.33234939492720733,0.4850456807667074,0.4385548927263198
-0.485,0.5216265559546435,-0.34489923944189316
-0.3281072790080483,-0.485,-0.4401605198101261
0.441460061017958,-0.33583416086034473,-0.4938144991416582
0.485,-0.4390762509867739,0.7260483903280979
-0.33281685334450645,0.485,0.4390223511436189
-0.48523276590042735,0.521393790054216,-0.3451320053423205
-0.32787451310762095,-0.485,-0.4403932857105535
0.44169282691838535,-0.3360669267607721,-0.49404726504208557
0.48523276590042735,-0.43930901688720125,0.7262811562285253
-0.3325840874440791,0.485,0.4392551170440463
-0.48525803146882374,0.5213685244858196,-0.34510673977392414
-0.32784924753922456,-0.485,-0.4403680201421571
0.44166756134998897,-0.3360921923291685,-0.49407253061048195
0.48520750033203097,-0.43933428245559764,0.7262558906601289
-0.3325588218756827,0.485,0.4392803826124427
-0.48569185046882146,0.5209347054858219,-0.34554055877392187
-0.3275,-0.485,-0.4408018391421548
0.4421013803499867,-0.3365260113291662,-0.4936387116104842
0.485,-0.4389004634555999,0.7258220716601311
-0.33212500287568497,0.485,0.43884656361244495
-0.4852960677292477,0.5205389227462481,-0.3459363415134956
-0.32789578273957376,-0.485,-0.44119762188172856
0.44170559761041295,-0.33613022858959246,-0.4932429288709105
0.485,-0.43929624619517366,0.7262178543997049
-0.3317292201361112,0.48539578273957373,0.4392423463520187
-0.4856209496815446,0.5208638046985451,-0.3462612234657925
-0.32822066469187067,-0.485,-0.44152250383402547
0.44138071565811604,-0.33580534663729555,-0.4929180469186136
0.4853248819522969,-0.43897136424287675,0.7265427363520018
-0.33205410208840813,0.48572066469187064,0.4395672283043156
-0.4851680916171462,0.5213166627629435,-0.34671408153019095
-0.3286735227562691,-0.485,-0.44106964576962704
0.44183357372251447,-0.336258204701694,-0.493370904983012
0.485,-0.4385185061784783,0.7260898782876034
-0.3316012440240097,0.4852678066274722,0.44002008636871404
-0.4857399303163229,0.5218885014621203,-0.34728592022936766
-0.3281016840570924,-0.485,-0.44049780707045033
0.4424054124216912,-0.3356863660025173,-0.4927990662838353
0.485,-0.4379466674793016,0.7266617169867802
-0.331029405324833,0.4858396453266489,0.44059192506789074
-0.4855102011471157,0.5216587722929131,-0.3475156493985749
-0.3278719548878852,-0.485,-0.44072753623965755
0.4426351415908984,-0.33545663683331006,-0.4930287954530425
0.4852297291692072,-0.4381763966485088,0.7268914461559873
-0.3307996761556258,0.4856099161574417,0.44082165423709796
-0.4859459532812354,0.5220945244270329,-0.34707989726445515
-0.3283077070220049,-0.485,-0.4402917841055378
0.4430708937250181,-0.3358923889674298,-0.4925930433189228
0.485,-0.4377406445143891,0.7273271982901071
-0.33036392402150605,0.485174164023322,0.4412574063712177
-0.4857247162651599,0.5223157614431083,-0.34685866024837964
-0.3285289440380804,-0.485,-0.44051302112161334
0.44329213074109364,-0.3356711519513543,-0.4928142803349983
0.4852212370160755,-0.4375194074983136,0.7271059612740316
-0.33058516103758157,0.485,0.44103616935514217
-0.4857531413857129,0.5222873363225553,-0.3468302351278266
-0.3285005189175274,-0.485,-0.44054144624216635
0.44332055586164665,-0.33564272683080126,-0.4928427054555513
0.4851928118955225,-0.4375478326188666,0.7270775361534786
-0.33055673591702855,0.485028425120553,0.44100774423458916
-0.48600529909035933,0.5225394940272017,-0.3465780774231802
-0.32875267662217383,-0.485,-0.4407936039468128
0.4435727135662931,-0.33539056912615484,-0.49309486316019774
0.485,-0.437799990323513,0.7268253784488322
-0.330808893621675,0.485,0.4412599019392356
-0.4855624097206505,0.5229823833969105,-0.3461351880534714
-0.328309787252465,-0.485,-0.44035071457710395
0.44312982419658425,-0.33583345849586366,-0.4926519737904889
0.485,-0.43824287969322184,0.7263824890791234
-0.3312517829913838,0.4854428893697088,0.44081701256952677
-0.48541562962327994,0.5228356032995399,-0.34628196815084195
-0.32816300715509444,-0.48514678009737056,-0.4402039344797334
0.4429830440992137,-0.3359802385932342,-0.4927987538878595
0.485,-0.4383896597905924,0.7262357089817528
-0.33139856308875437,0.4855896694670794,0.4406702324721562
-0.48540980096692554,0.5228297746431855,-0.34627613949448754
-0.32815717849874004,-0.48514095144101615,-0.440198105823379
0.4429772154428593,-0.3359744099368798,-0.4928045825442139
0.4850058286563544,-0.4383954884469468,0.7262415376381073
-0.3314043917451088,0.4855954981234338,0.4406644038158018
-0.4854149187594687,0.5228348924357286,-0.3462812572870307
-0.3281520607061969,-0.4851460692335593,-0.4402032236159221
0.4429823332354024,-0.3359692921443367,-0.49279946475167075
0.48501094644889753,-0.43839037065440367,0.7262466554306504
-0.3314095095376519,0.48559038033089064,0.44065928602325866
-0.485632486923247,0.5230524605995068,-0.34606368912325236
-0.3283696288699752,-0.485,-0.44042079177970045
0.4427647650716241,-0.336186860308115,-0.4925818965878924
0.485,-0.438607938818182,0.7264642235944286
-0.33162707770143024,0.48580794849466896,0.44044171785948033
-0.4861606437135314,0.5235806173897912,-0.34659184591353676
-0.3288977856602596,-0.485,-0.44094894856998484
0.4432929218619085,-0.3356587035178306,-0.492053739797608
0.485,-0.4391360956084664,0.7259360668041442
-0.33215523449171463,0.48633610528495336,0.43991356106919594
-0.48608233665408407,0.5236589244492386,-0.3465135388540894
-0.3288194786008123,-0.485,-0.4410272556294322
0.44321461480246116,-0.3355803964583833,-0.4919754327381607
0.4850783070594473,-0.43905778854901906,0.7258577597446969
-0.33223354155116197,0.486257798225506,0.43999186812864327
-0.48637744327186044,0.5233638178314621,-0.3468086454718658
-0.3285243719830359,-0.485,-0.4407321490116558
0.44350972142023753,-0.33587550307615965,-0.4916803261203843
0.485,-0.4387626819312427,0.7255626531269205
-0.3319384349333856,0.4865529048432824,0.44028697474641965
-0.48697530694905694,0.5239616815086586,-0.3474065091490623
-0.3279265083058394,-0.485,-0.4413300126888523
0.44410758509743403,-0.33527763939896316,-0.4910824624431878
0.485,-0.4381648182540462,0.726160516804117
-0.3313405712561891,0.4859550411660859,0.43968911106922315
-0.48683377761364993,0.5238201521732516,-0.3475480384844693
-0.3280680376412464,-0.485,-0.4411884833534453
0.44424911443284104,-0.33541916873437017,-0.4912239917785948
0.485141529335407,-0.4383063475894532,0.726302046139524
-0.3314821005915961,0.4860965705014929,0.43983064040463016
-0.4868525885133755,0.5238013412735261,-0.34752922758474375
-0.328086848540972,-0.485,-0.44116967245371974
0.4442303035331155,-0.3354003578346446,-0.4912051808788693
0.48512271843568144,-0.43832515848917875,0.7262832352397984
-0.33150091149132166,0.48611538140121846,0.4398494513043557
-0.48706704579897764,0.523586883987924,-0.3473147702991416
-0.3278723912553698,-0.485,-0.4413841297393219
0.44401584624751333,-0.33561481512024677,-0.4909907235932671
0.485,-0.4381107012035766,0.7260687779541963
-0.3317153687769238,0.4863298386868206,0.43963499401875356
-0.48695177213860635,0.5237021576482952,-0.3474300439595129
-0.32775711759499854,-0.48511527366037127,-0.4412688560789506
0.44390057258714205,-0.3354995414598755,-0.49087544993289584
0.485,-0.4382259748639479,0.7259535042938251
-0.33160009511655253,0.4864451123471919,0.43951972035838227
-0.48710183637494436,0.5238522218846332,-0.34727997972317487
-0.32790718183133655,-0.485,-0.4414189203152886
0.44405063682348006,-0.3356496056962135,-0.49102551416923385
0.485,-0.43807591062760987,0.7261035685301631
-0.3314500308802145,0.4865951765835299,0.4396697845947203
-0.48723449838858357,0.5237195598709941,-0.3474126417368141
-0.32803984384497575,-0.485,-0.4415515823289278
0.44418329883711927,-0.3355169436825743,-0.49089285215559464
0.4851326620136392,-0.4382085726412491,0.725970906516524
-0.3315826928938537,0.4864625145698907,0.4398024466083595
-0.48731671365263773,0.5238017751350482,-0.34749485700086824
-0.3281220591090299,-0.48508221526405415,-0.44146936706487366
0.44426551410117343,-0.33559915894662845,-0.4909750674196488
0.48505044674958503,-0.43829078790530324,0.7260531217805781
-0.3316649081579079,0.48638029930583654,0.4397202313443053
-0.48729229726607715,0.5237773587484876,-0.34751927338742883
-0.3281464754955905,-0.48510663165061474,-0.4414449506783131
0.44424109771461284,-0.33557474256006786,-0.4909506510330882
0.48502603036302444,-0.4383152042918638,0.7260775381671387
-0.3316404917713473,0.4864047156923971,0.4397446477308659
-0.4876188551652777,0.5234508008492871,-0.3478458312866294
-0.32781991759638995,-0.485,-0.4417715085775136
0.4439145398154123,-0.3352481846608673,-0.49127720893228877
0.485,-0.4379886463926633,0.7257509802679382
-0.33196704967054785,0.4867312735915977,0.43941808983166536
-0.4876444682150095,0.5234251877995553,-0.34782021823689757
-0.32784553064612176,-0.485,-0.4417458955277818
0.4439401528651441,-0.3352225716111355,-0.4913028219820206
0.485,-0.4380142594423951,0.7257253672182064
-0.33194143662081604,0.48670566054186587,0.43939247678193355
-0.4881411889570625,0.5229284670575023,-0.34831693897895055
-0.32834225138817474,-0.485,-0.4422426162698348
0.4444368736071971,-0.3347258508690825,-0.49179954272407356
0.485,-0.43851098018444806,0.7262220879602593
-0.332438157362869,0.48720238128391885,0.43889575603988057
-0.488047542278678,0.5228348203791178,-0.348410585657335
-0.3284358980665592,-0.48509364667838445,-0.44214896959145034
0.4443432269288126,-0.334819497547467,-0.4917058960456891
0.485,-0.4384173335060636,0.7263157346386439
-0.33234451068448456,0.4871087346055344,0.43898940271826503
-0.487728396807586,0.5225156749080258,-0.34872973112842703
-0.3287550435376512,-0.485,-0.4418298241203583
0.4440240814577206,-0.335138643018559,-0.4920250415167811
0.485,-0.4380981880349716,0.7266348801097359
-0.33202536521339254,0.4874278800766264,0.43930854818935705
-0.48749714534365995,0.5227469263719517,-0.348498479664501
-0.3285237920737252,-0.48523125146392604,-0.44206107558428437
0.44425533292164665,-0.33536989448248505,-0.49179379005285506
0.485,-0.43786693657104553,0.7268661315736619
-0.3322566166773186,0.48719662861270036,0.4395397996532831
-0.48745502417080155,0.5227890475448101,-0.3485406008373594
-0.3285659132465836,-0.48518913029106764,-0.44210319675714277
0.44429745409450505,-0.33541201565534345,-0.49175166887999666
0.4850421211728584,-0.43790905774390393,0.7268240104008035
-0.3322144955044602,0.48723874978555876,0.4394976784804247
-0.48685490007400517,0.5233891716416066,-0.34914072493415577
-0.3279657891497872,-0.485,-0.44270332085393915
0.44369732999770867,-0.33481189155854707,-0.49235179297679305
0.485,-0.4385091818407003,0.7274241344975999
-0.3316143714076638,0.48663862568876237,0.4400978025772211
-0.4866645845882303,0.5235794871273814,-0.3493310404199306
-0.32815610463556205,-0.48519031548577485,-0.442893636339714
0.4435070145119338,-0.3346215760727722,-0.4925421084625679
0.485,-0.4386994973264752,0.727233819011825
-0.33180468689343867,0.4864483102029875,0.44028811806299595
-0.4869572961236646,0.5238721986628158,-0.34962375195536494
-0.32786339310012774,-0.485,-0.4431863478751483
0.4432143029764995,-0.3349142876082065,-0.4922493969271336
0.485,-0.43840678579104086,0.7275265305472594
-0.33151197535800436,0.4867410217384218,0.44058082959843026
-0.4866100164064882,0.5242194783799922,-0.34997103167254134
-0.32821067281730415,-0.485,-0.4428390681579719
0.4435615826936759,-0.3345670078910301,-0.49259667664431
0.485,-0.43805950607386446,0.727179250830083
-0.33116469564082796,0.4870883014555982,0.44023354988125385
-0.48701238125819424,0.5246218432316982,-0.35037339652424737
-0.3286130376690102,-0.485,-0.4424367033062659
0.44396394754538193,-0.33496937274273614,-0.49299904149601603
0.485,-0.4384618709255705,0.727581615681789
-0.3307623307891219,0.4866859366038922,0.4406359147329599
-0.4866591866729503,0.5242686486464543,-0.3500202019390034
-0.32896623225425414,-0.485,-0.44278989789150985
0.4443171421306259,-0.3346161781574922,-0.49264584691077207
0.485,-0.43881506551081445,0.7272284210965451
-0.3311155253743659,0.48633274201864823,0.44098910931820384
-0.48668747734656714,0.5242969393200712,-0.34999191126538653
-0.32893794158063727,-0.48502829067361686,-0.4428181885651267
0.44434543280424277,-0.33464446883110904,-0.49267413758438894
0.485,-0.4387867748371976,0.7272567117701619
-0.331087234700749,0.48630445134503136,0.44096081864458697
-0.4863692898094014,0.5246151268572369,-0.3496737237282208
-0.32861975404347155,-0.485,-0.442500001027961
0.44402724526707704,-0.3343262812939433,-0.4923559500472232
0.485,-0.4391049623743633,0.7275748993073277
-0.3307690471635833,0.4866226388821971,0.4412790061817527
-0.4866532127013497,0.5248990497491851,-0.3493898008362725
-0.32890367693541983,-0.485,-0.4422160781360127
0.4443111681590253,-0.33404235840199503,-0.4920720271552749
0.485,-0.438821039482415,0.7272909764153794
-0.3310529700555316,0.4863387159902488,0.441562929073701
-0.48630212184903393,0.5245479588968693,-0.34903870998395675
-0.32855258608310406,-0.485,-0.44186498728369694
0.44396007730670956,-0.3343934492543108,-0.49172093630295916
0.485,-0.43846994863009925,0.7269398855630637
-0.33140406090784735,0.48598762513793303,0.4412118382213852
-0.4858376392659133,0.5250124414799899,-0.3495031925670774
-0.3280881034999834,-0.485,-0.4423294698668176
0.4444245598898302,-0.33485793183743146,-0.4912564537198385
0.48546448258312064,-0.4380054660469786,0.7274043681461843
-0.331868543490968,0.4855231425548124,0.44074735563826456
-0.4857708812545957,0.5250791994913074,-0.34943643455575985
-0.32815486151130097,-0.485,-0.44239622787813515
0.44435780187851265,-0.334924689848749,-0.49132321173115606
0.4855312405944382,-0.43807222405829616,0.7274711261575018
-0.33193530150228556,0.4854563845434948,0.440680597626947
-0.4860885998202021,0.5253969180569138,-0.3497541531213662
-0.3278371429456946,-0.485,-0.4427139464437415
0.4440400833129063,-0.3352424084143554,-0.4910054931655497
0.48521352202883183,-0.4383899426239025,0.7271534075918954
-0.3316175829366792,0.48513866597788846,0.44099831619255336
-0.48596906438892595,0.5252773826256376,-0.3496346176900901
-0.3277176075144185,-0.485,-0.44283348187501764
0.44392054788163016,-0.33512287298307925,-0.49088595773427357
0.48533305746010796,-0.43850947805517865,0.7272729430231716
-0.33173711836795533,0.48501913054661233,0.44087878076127723
-0.48552991914780963,0.5248382373845213,-0.34919547244897375
-0.3275,-0.485,-0.4423943366339013
0.4443596931227465,-0.3346837277419629,-0.49044681249315725
0.485,-0.4380703328140623,0.7277120882642879
-0.33217626360907165,0.48545827578772865,0.4404396355201609
-0.48560356862848153,0.5249118868651932,-0.34926912192964565
-0.3275736494806719,-0.485,-0.4423206871532294
0.4444333426034184,-0.3347573772226348,-0.49052046197382915
0.4850736494806719,-0.4381439822947342,0.7277857377449598
-0.33224991308974355,0.48553192526840055,0.4405132850008328
-0.48571892417819096,0.5250272424149026,-0.3493844774793551
-0.32768900503038134,-0.4851153555497094,-0.44243604270293885
0.4445486981531278,-0.33487273277234425,-0.4906358175235386
0.485,-0.4380286267450248,0.7279010932946692
-0.332365268639453,0.48564728081811,0.44062864055054224
-0.48599083658641856,0.5252991548231302,-0.3496563898875827
-0.3275,-0.485,-0.44216413029471124
0.4442767857449002,-0.33460082036411665,-0.4909077299317662
0.485,-0.4383005391532524,0.7276291808864417
-0.3320933562312254,0.4853753684098824,0.44090055295876984
-0.48591526550037883,0.5253747259091699,-0.3497319609736224
-0.3275,-0.485,-0.44223970138075097
0.44435235683093993,-0.3346763914501564,-0.49083215884572645
0.4850755710860397,-0.4383761102392921,0.727553609800402
-0.33201778514518565,0.4854509394959221,0.44097612404480957
-0.48596496378348875,0.5254244241922797,-0.3496822626905125
-0.3275,-0.4850496982831099,-0.4422893996638609
0.44430265854783,-0.33462669316704646,-0.49088185712883636
0.4850258728029298,-0.4383264119561822,0.7276033080835118
-0.33206748342829556,0.485500637779032,0.44092642576169966
-0.4855565531954378,0.5258328347803307,-0.35009067327856347
-0.3275,-0.485,-0.4418809890758099
0.44389424795977905,-0.3342182825789955,-0.4904734465407854
0.485,-0.4387348225442332,0.7271948974954608
-0.3316590728402446,0.48509222719098105,0.4405180151736487
-0.48570669182139947,0.5259829734062924,-0.35024081190452516
-0.3275,-0.485,-0.4417308504498482
0.44374410933381736,-0.3340681439530338,-0.4903233079148237
0.4851501386259617,-0.4385846839182715,0.7273450361214225
-0.3318092114662063,0.485,0.440367876547687
-0.48619754822023276,0.5264738298051257,-0.35073166830335845
-0.3275,-0.485,-0.4422217068486815
0.44423496573265064,-0.3335772875542005,-0.490814164313657
0.485,-0.4390755403171048,0.7278358925202558
-0.3323000678650396,0.48549085639883327,0.4408587329465203
-0.48653811704614586,0.5261332609792126,-0.35107223712927155
-0.3278405688259131,-0.485,-0.4418811380227684
0.44457553455856375,-0.3339178563801136,-0.4911547331395701
0.485,-0.4394161091430179,0.7281764613461689
-0.33195949903912647,0.48583142522474637,0.4405181641206072
-0.4865997273731194,0.5261948713061861,-0.351010626802298
-0.32790217915288666,-0.485,-0.44181952769579486
0.4445139242315902,-0.33385624605314007,-0.49109312281259654
0.485,-0.4393544988160443,0.7282380716731424
-0.3318978887121529,0.4858930355517199,0.44057977444758073
-0.4862412652448294,0.5258364091778961,-0.351369088930588
-0.32826064128117666,-0.485,-0.44217798982408485
0.4448723863598802,-0.33421470818143006,-0.49073466068430655
0.485,-0.43899603668775433,0.7278796095448523
-0.33153942658386293,0.4855345734234299,0.4409382365758707
-0.4861100432299333,0.5259676311927922,-0.3515003109454841
-0.3283918632960728,-0.4851312220148961,-0.4420467678091887
0.44474116434498406,-0.33408348616653394,-0.49086588269920267
0.485,-0.43912725870265046,0.7277483875299562
-0.33167064859875905,0.48566579543832605,0.44106945859076685
-0.48585075898606067,0.5262269154366648,-0.3512410267016115
-0.3286511475399454,-0.48539050625876873,-0.4417874835653161
0.4450004485888567,-0.33434277041040655,-0.4911251669430753
0.485,-0.4393865429465231,0.7274891032860836
-0.33192993284263167,0.48540651119445344,0.44132874283463946
-0.4857442537196009,0.526120410170205,-0.3511345214351517
-0.3285446422734856,-0.48528400099230895,-0.4418939888317759
0.4448939433223969,-0.33444927567686633,-0.49123167220953506
0.48510650526645976,-0.43949304821298285,0.7275956085525433
-0.33203643810909145,0.48530000592799366,0.44143524810109924
-0.4852309833776343,0.5266336805121716,-0.3516477917771183
-0.32803137193151904,-0.485,-0.44240725917374246
0.4443806729804303,-0.3349625460188329,-0.49174494255150164
0.485,-0.4400063185549494,0.7281088788945099
-0.332549708451058,0.48581327626996024,0.44092197775913267
-0.485,0.52686895250441,-0.35188306376935674
-0.3277960999392806,-0.4852352719922384,-0.442171987181504
0.44461594497266876,-0.33519781801107135,-0.4919802145437401
0.485,-0.439771046562711,0.7283441508867483
-0.33278498044329646,0.4860485482621987,0.4411572497513711
-0.4850944654319872,0.5269634179363972,-0.35197752920134395
-0.3277016345072934,-0.4851408065602512,-0.4420775217495168
0.44452147954068155,-0.33510335257908413,-0.49188574911175287
0.4850944654319872,-0.4396765811307238,0.7284386163187355
-0.33269051501130925,0.48595408283021146,0.4410627843193839
-0.485206210560495,0.5268516728078895,-0.35208927432985176
-0.3278133796358012,-0.485252551688759,-0.4421892668780246
0.44463322466918936,-0.33521509770759195,-0.49177400398324506
0.485,-0.43956483600221596,0.7285503614472433
-0.33257876988280144,0.4860658279587193,0.4409510391908761
-0.48526095027536803,0.5269064125227625,-0.3521440140447248
-0.3278681193506742,-0.485197811973886,-0.44224400659289764
0.4446879643840624,-0.3351603579927189,-0.4918287436981181
0.485054739714873,-0.43951009628734294,0.7286051011621163
-0.3325240301679284,0.4861205676735923,0.44089629947600306
-0.4852623371866992,0.5269050256114314,-0.35214540095605595
-0.3278695062620054,-0.4851991988852172,-0.4422426196815665
0.44468935129539355,-0.3351617449040501,-0.4918273567867869
0.48505335280354184,-0.4395114831986741,0.7286037142507852
-0.33252264325659725,0.4861191807622611,0.4408949125646719
-0.48509944679319433,0.5267421352179266,-0.3519825105625511
-0.32770661586850053,-0.48536208927872204,-0.44240551007507134
0.4448522416888984,-0.33499885451054523,-0.49166446639328204
0.485,-0.439674373592179,0.72876660464429
-0.3326855336501021,0.48595629036875626,0.440732022171167
-0.4851071778599922,0.5267498662847244,-0.35199024162934894
-0.3277143469352984,-0.4853698203455199,-0.4423977790082735
0.44484451062210056,-0.3350065855773431,-0.4916721974600799
0.485,-0.4396666425253811,0.7287588735774921
-0.3326932647169,0.4859485593019584,0.44072429110436917
-0.485,0.5271261092733039,-0.3523664846179284
-0.3275,-0.485,-0.44277402199685295
0.44522075361068003,-0.33538282856592255,-0.49129595447150043
0.485,-0.43929039953680166,0.7283826305889126
-0.3323170217283205,0.48557231631337894,0.4403480481157897
-0.4854349461001852,0.5275610553734892,-0.35280143071811365
-0.3275,-0.485,-0.4432089680970382
0.4447858075104948,-0.3358177746661078,-0.4908610083713152
0.485,-0.4388554534366164,0.7288175766890979
-0.33275196782850575,0.4851373702131937,0.44078299421597494
-0.48558030659846846,0.5274156948752059,-0.3529467912163969
-0.3275,-0.4851453604982832,-0.44306360759875496
0.44464044701221156,-0.33567241416782456,-0.49071564787303196
0.485,-0.4387100929383332,0.7289629371873811
-0.332897328326789,0.485,0.4406376337176917
-0.48531835944366786,0.5276776420300064,-0.3532087383711975
-0.3277619471548006,-0.4854073076530838,-0.44280166044395436
0.44490239416701216,-0.33541046701302396,-0.49045370071823136
0.485,-0.4389720400931338,0.7292248843421817
-0.3331592754815896,0.4852619471548006,0.4408995808724923
-0.48524791955541663,0.5277480819182576,-0.3532791782594487
-0.3276915072665494,-0.48547774754133505,-0.44273122055570313
0.44483195427876093,-0.3354809069012752,-0.4905241406064826
0.485,-0.439042479981385,0.7292953242304329
-0.33308883559333835,0.48519150726654936,0.44097002076074354
-0.48563769894182834,0.5281378613046693,-0.352889398873037
-0.3280812866529611,-0.48508796815492333,-0.44312099994211485
0.44522173366517265,-0.3358706862876869,-0.4909139199928943
0.485,-0.4386527005949733,0.7296851036168446
-0.33269905620692664,0.485,0.44135980014715526
-0.48604970372515194,0.5285498660879929,-0.3533014036563606
-0.3284932914362847,-0.485,-0.44270899515879125
0.44480972888184905,-0.3354586815043633,-0.4913259247762179
0.485,-0.4382406958116497,0.7300971084001682
-0.33311106099025023,0.4854120047833236,0.44094779536383166
-0.48626517186850826,0.5283343979446367,-0.35308593551300427
-0.328708759579641,-0.485,-0.4429244633021476
0.44459426073849273,-0.33567414964771963,-0.4915413929195742
0.485,-0.4380252276682934,0.7298816402568119
-0.3328955928468939,0.48519653663996726,0.44073232722047534
-0.4860299484673572,0.5285696213457877,-0.3528507121118532
-0.3289439829807921,-0.485,-0.4426892399009965
0.4448294841396438,-0.3359093730488707,-0.49130616951842315
0.485,-0.43826045106944445,0.7296464168556609
-0.33313081624804497,0.4854317600411183,0.4409675506216264
-0.48597030372538513,0.5285099766038156,-0.35279106736988114
-0.32900362772276415,-0.485,-0.44262959515902445
0.44488912888161586,-0.33584972830689863,-0.4913658142603952
0.48505964474197205,-0.4382008063274724,0.729706061597633
-0.33319046099001703,0.48537211529914626,0.44102719536359847
-0.4860643519842107,0.5284159283449901,-0.3528851156287067
-0.32909767598158973,-0.48509404825882557,-0.44272364341785003
0.4447950806227903,-0.33575568004807305,-0.49127176600156963
0.485,-0.4381067580686468,0.7298001098564585
-0.33309641273119145,0.48546616355797184,0.4409331471047729
-0.4858695712321199,0.5282211475928992,-0.35307989638079756
-0.32929245673368057,-0.4852888290109164,-0.44291842416994087
0.4449898613748811,-0.3355608992959822,-0.49146654675366047
0.485,-0.43791197731655596,0.7299948906085494
-0.3332911934832823,0.485271382805881,0.44073836635268204
-0.4854604104298421,0.5278119867906215,-0.35348905718307533
-0.32970161753595834,-0.485,-0.44332758497221864
0.4453990221771589,-0.33515173849370444,-0.4910573859513827
0.485,-0.4375028165142782,0.7295857298062717
-0.33370035428556005,0.485,0.4411475271549598
-0.48511805306489275,0.5274696294256721,-0.3538314145480247
-0.32935926017100897,-0.485,-0.44298522760726927
0.4450566648122095,-0.3348093811287551,-0.49071502858643334
0.485,-0.43784517387922756,0.729928087171221
-0.3340427116505094,0.48534235736494935,0.44080516979001044
-0.48533251677322775,0.5272551657173371,-0.3540458782563597
-0.32957372387934397,-0.485,-0.44277076389893427
0.4452711285205445,-0.3350238448370901,-0.49092949229476834
0.485,-0.43805963758756256,0.729713623462886
-0.3342571753588444,0.48555682107328435,0.44101963349834544
-0.485512839193244,0.5274354881373534,-0.35422620067637595
-0.3297540462993602,-0.48518032242001624,-0.442590441478918
0.44545145094056077,-0.33520416725710633,-0.4911098147147846
0.485,-0.4382399600075788,0.7298939458829024
-0.33407685293882816,0.4853764986532681,0.4408393110783292
-0.4851244466295485,0.5270470955736579,-0.35461459324007144
-0.32936565373566473,-0.485,-0.4422020489152225
0.44583984350425626,-0.33481577469341084,-0.4907214221510891
0.485,-0.4386283525712743,0.7302823384465978
-0.33368846037513267,0.485,0.4404509185146337
-0.4853016823774571,0.5272243313215665,-0.35479182898798
-0.3295428894835733,-0.48517723574790855,-0.4423792846631311
0.4460170792521648,-0.3349930104413194,-0.49089865789899767
0.485,-0.43880558831918287,0.7304595741945065
-0.3335112246272241,0.485,0.44062815426254226
-0.4852140259583363,0.5273119877406873,-0.3548794854071008
-0.3294552330644525,-0.48508957932878777,-0.4422916282440103
0.4461047356712856,-0.3350806668604402,-0.4908110014798769
0.48508765641912077,-0.4387179319000621,0.7303719177753857
-0.3334235682081033,0.485,0.4405404978434215
-0.485,0.5278141252162922,-0.35437734793149583
-0.32995737054005747,-0.485,-0.44279376571961526
0.44660687314689057,-0.33558280433604515,-0.49131313895548184
0.485,-0.43821579442445713,0.7308740552509906
-0.3339257056837083,0.485,0.4400383603678165
-0.4853179125152409,0.5274962127010513,-0.35469526044673677
-0.3302752830552984,-0.485,-0.4431116782348562
0.44628896063164963,-0.3352648918208042,-0.4916310514707228
0.485,-0.4378978819092162,0.7311919677662315
-0.3342436181989492,0.485,0.44035627288305745
-0.48562017460932855,0.5271939506069636,-0.3549975225408244
-0.33057754514938603,-0.485,-0.4434139403289438
0.44659122272573726,-0.3349626297267166,-0.4919333135648104
0.485,-0.43759561981512857,0.7314942298603192
-0.33454588029303683,0.4853022620940876,0.4406585349771451
-0.48560026067690015,0.527213864539392,-0.3550174364732528
-0.33055763121695764,-0.4850199139324284,-0.4434338542613722
0.44661113665816565,-0.3349427157942882,-0.491913399632382
0.485,-0.43757570588270017,0.7314743159278908
-0.33452596636060844,0.485322176026516,0.4406784489095735
-0.48564974878010214,0.5271643764361901,-0.3550669245764548
-0.3306071193201596,-0.48506940203563037,-0.44338436615817023
0.44666062476136764,-0.3349922038974902,-0.491962887735584
0.485,-0.43762519398590216,0.7315238040310927
-0.33457545446381043,0.485272687923314,0.44072793701277546
-0.4853942551379293,0.5274198700783629,-0.3548114309342819
-0.33035162567798676,-0.48532489567780324,-0.44312887251599736
0.4469161184035405,-0.33524769753966305,-0.49221838137775686
0.485,-0.437880687628075,0.7317792976732655
-0.3348309481059833,0.48501719428114115,0.4409834306549483
-0.48509909972553833,0.5277150254907538,-0.35451627552189097
-0.3300564702655958,-0.4850297402654123,-0.4434240279283883
0.44662096299114956,-0.335542852952054,-0.4925135367901478
0.485,-0.438175843040466,0.7320744530856564
-0.33512610351837424,0.4853123496935321,0.4412785860673393
-0.48506541661137487,0.5277487086049172,-0.35454995863605443
-0.3300901533797593,-0.485,-0.44339034481422485
0.446654646105313,-0.33557653606621746,-0.4925472199043113
0.48503368311416345,-0.43820952615462944,0.7321081361998198
-0.3351597866325377,0.48527866657936863,0.44131226918150274
-0.485,0.5278185191850125,-0.35448014805595907
-0.33015996395985464,-0.485,-0.4433205342341295
0.44658483552521766,-0.3356463466463128,-0.49261703048440664
0.4851034936942588,-0.43813971557453407,0.7321779467799152
-0.33508997605244234,0.48520885599927327,0.4412424586014074
-0.48514696271833896,0.5279654819033516,-0.3543331853376201
-0.3303069266781936,-0.485,-0.4431735715157905
0.44673179824355663,-0.3357933093646518,-0.4927639932027456
0.485,-0.43828667829287304,0.7320309840615762
-0.33494301333410337,0.48535581871761224,0.44138942131974634
-0.485,0.5276415004001273,-0.3540092038343958
-0.32998294517496934,-0.485,-0.4434975530190148
0.44640781674033236,-0.3354693278614275,-0.49244001169952134
0.485,-0.4379626967896488,0.7323549655648005
-0.3346190318308791,0.485031837214388,0.4410654398165221
-0.48504088567645465,0.5276823860765819,-0.3540500895108505
-0.3299420594985147,-0.485,-0.44353843869546944
0.4463669310638777,-0.3355102135378822,-0.492480897375976
0.48504088567645465,-0.4379218111131941,0.7323958512412552
-0.33465991750733376,0.485,0.4410245541400674
-0.485,0.5273963720750326,-0.3537640755093012
-0.33022807350006395,-0.485,-0.4432524246939202
0.44665294506542697,-0.33579622753943145,-0.49276691137752526
0.485,-0.4382078251147434,0.7321098372397059
-0.334945931508883,0.485,0.44073854013851815
-0.485,0.5272513951145289,-0.353909052469805
-0.3300830965395602,-0.48514497696050374,-0.4431074477334164
0.4465079681049232,-0.3359412044999352,-0.4926219344170215
0.485,-0.4383528020752471,0.7319648602792022
-0.3350909084693868,0.485,0.4405935631780144
-0.485,0.5270574116650961,-0.3541030359192377
-0.3298891130901275,-0.485,-0.4429134642839837
0.4463139846554905,-0.3357472210505025,-0.49281591786645423
0.485,-0.43854678552467985,0.7317708768297694
-0.3352848919188195,0.4851939834494327,0.4407875466274471
-0.48506631638840453,0.5269910952766916,-0.35416935230764224
-0.329955429478532,-0.48506631638840453,-0.44284714789557916
0.44638030104389503,-0.33568090466209793,-0.4928822342548588
0.485,-0.4386131019130844,0.7317045604413649
-0.33521857553041495,0.48512766706102817,0.44085386301585167
-0.485,0.5275060976791812,-0.3546843547101318
-0.3304704318810216,-0.485,-0.44336215029806875
0.4468953034463846,-0.3361959070645875,-0.4923672318523692
0.485,-0.439128104315574,0.7322195628438545
-0.33470357312792537,0.485,0.44136886541834125
-0.485,0.5278315448602043,-0.35500980189115494
-0.3301449846999985,-0.485,-0.4430367031170456
0.44722075062740774,-0.3358704598835644,-0.4926926790333923
0.485,-0.43880265713455086,0.7325450100248776
-0.33437812594690225,0.4853254471810231,0.44169431259936437
-0.48516062138547156,0.5279921662456759,-0.3551704232766265
-0.33030560608547005,-0.48516062138547156,-0.44287608173157406
0.4473813720128793,-0.33603108126903597,-0.4928533004188639
0.485,-0.4389632785200224,0.7327056314103492
-0.3342175045614307,0.48516482579555154,0.4415336912138928
-0.4854755036992105,0.5276772839319369,-0.35548530559036545
-0.330620488399209,-0.485,-0.4425611994178351
0.44706648969914037,-0.3363459635827749,-0.49253841810512494
0.485,-0.43927816083376137,0.7330205137240882
-0.33390262224769174,0.4854797081092905,0.44184857352763174
-0.4853836120316862,0.5275853922644126,-0.3555771972578898
-0.33052859673168467,-0.485,-0.44265309108535944
0.44697459803161604,-0.3362540719152506,-0.4924465264376006
0.485,-0.4393700525012857,0.7331124053916125
-0.3338107305801674,0.4855715997768148,0.4417566818601074
-0.48528010758164014,0.5274818878143666,-0.3556807017079358
-0.3306321011817307,-0.485,-0.4425495866353134
0.4470781024816621,-0.3363575763652966,-0.4923430219875546
0.485103504450046,-0.43926654805123966,0.7332159098416585
-0.33391423503021345,0.48546809532676877,0.4416531774100614
-0.48543689087845054,0.5273251045175562,-0.3555239184111254
-0.3307888844785411,-0.485,-0.4427063699321238
0.4469213191848517,-0.3362007930684862,-0.4921862386907442
0.485,-0.43910976475442925,0.7330591265448482
-0.33375745173340304,0.48531131202995836,0.4418099607068718
-0.48561089449799205,0.5271511008980148,-0.3556979220306669
-0.3306148808589996,-0.485,-0.4425323663125823
0.44674731556531017,-0.3363747966880277,-0.4920122350712027
0.485,-0.43928376837397076,0.7328851229253067
-0.33358344811386154,0.48513730841041686,0.4416359570873303
-0.4855863832945,0.5271756121015069,-0.35567341082717485
-0.33059036965550753,-0.485,-0.44250785510909024
0.4467228043618181,-0.33635028548453566,-0.4919877238677106
0.48502451120349205,-0.4393082795774628,0.7329096341287988
-0.3335589369103695,0.4851127972069248,0.44166046829082234
-0.48547094625511217,0.5272910491408948,-0.3557888478665627
-0.3304749326161197,-0.4851154370393878,-0.44262329214847806
0.4468382414012059,-0.3364657225239235,-0.49210316090709844
0.485,-0.43942371661685065,0.7330250711681867
-0.33344349987098165,0.485,0.44177590533021016
-0.48581707382817785,0.5276371767139605,-0.35613497543962835
-0.3308210601891854,-0.485,-0.44296941972154374
0.4471843689742716,-0.3361195949508578,-0.4924492884801641
0.485,-0.4397698441899163,0.732678943595121
-0.33378962744404733,0.48534612757306567,0.4414297777571445
-0.48581431163356914,0.5276399389085692,-0.35613221324501965
-0.3308238223837941,-0.485,-0.44296665752693504
0.4471816067796629,-0.3361223571454665,-0.4924520506747728
0.4850027621946087,-0.4397670819953076,0.7326761814005123
-0.3337868652494386,0.48534336537845696,0.4414270155625358
-0.48613320702598306,0.5279588343009831,-0.35645110863743357
-0.3305049269913802,-0.485,-0.4426477621345211
0.4475005021720768,-0.33644125253788043,-0.4921331552823589
0.485,-0.4394481866028937,0.7323572860080984
-0.33410576064185254,0.48502446998604304,0.44110812017012185
-0.4863283932203538,0.5277636481066124,-0.3562559224430628
-0.3303097407970094,-0.485,-0.44284294832889187
0.44730531597770606,-0.3366364387322512,-0.49232834147672966
0.485,-0.43964337279726445,0.7325524722024691
-0.3343009468362233,0.4852196561804138,0.4413033063644926
-0.4862953613189836,0.5277966800079826,-0.3562228905416926
-0.33034277269837964,-0.485,-0.4428759802302621
0.44727228407633585,-0.3366694706336214,-0.4923613733780999
0.4850330319013702,-0.43967640469863467,0.7325194403010988
-0.3343339787375935,0.4851866242790436,0.4413363382658628
-0.4863566026507614,0.5277354386762049,-0.3562841318734704
-0.33040401403015746,-0.4850612413317778,-0.4428147388984843
0.44733352540811366,-0.3367307119653992,-0.49230013204632206
0.485,-0.4397376460304125,0.7325806816328766
-0.33439522006937134,0.4852478656108214,0.44139757959764064
-0.48634573808005027,0.527746303246916,-0.35627326730275927
-0.3303931494594463,-0.48505037676106666,-0.44280387432777313
0.4473443899788248,-0.3367198473946881,-0.4922892674756109
0.48501086457071113,-0.43972678145970134,0.7325915462035877
-0.3344060846400825,0.48523700104011025,0.4413867150269295
-0.4865871423844945,0.5275048989424718,-0.356031862998315
-0.33063455376389056,-0.485,-0.4430452786322174
0.44710298567438056,-0.33647844309024383,-0.49253067178005516
0.485,-0.4399681857641456,0.7328329505080319
-0.33416468033563823,0.485,0.44114531072248525
-0.48638673423694734,0.5273044907949246,-0.35583145485076784
-0.33083496191143774,-0.485,-0.44324568677976456
0.4469025775268334,-0.33627803494269665,-0.492330263632508
0.485,-0.4397677776165984,0.7326325423604847
-0.3343650884831854,0.48520040814754717,0.44094490257493807
-0.48640852331231155,0.5273262798702888,-0.3558096657754036
-0.33085675098680195,-0.4850217890753642,-0.44322389770440035
0.44688078845146917,-0.33629982401806086,-0.4923520527078722
0.485,-0.4397895666919626,0.7326107532851205
-0.3343432994078212,0.48517861907218296,0.4409666916503023
-0.48665996229968506,0.5275777188576622,-0.35606110476277714
-0.33060531199942844,-0.485,-0.44297245871702684
0.4471322274388427,-0.33604838503068735,-0.4921006137204987
0.485,-0.44004100567933613,0.7328621922724939
-0.3340918604204477,0.48543005805955647,0.44071525266292877
-0.4868481834629081,0.5277659400208853,-0.3558728835995541
-0.3307935331626515,-0.485188221163223,-0.4431606798802499
0.44694400627561964,-0.3362366061939104,-0.49191239255727565
0.485,-0.4398527845161131,0.733050413435717
-0.33428008158367073,0.48524183689633343,0.44052703149970573
-0.4868061633707746,0.5277239199287518,-0.3558308635074206
-0.330751513070518,-0.4852302412553565,-0.4431186597881164
0.44698602636775314,-0.3361945861017769,-0.49187037246514215
0.485,-0.4398948046082466,0.7330924335278505
-0.33423806149153723,0.48528385698846693,0.44056905159183923
-0.48682688882456526,0.5277446453825425,-0.3558515889612113
-0.3307307876167273,-0.4852509667091472,-0.4430979343343257
0.4470067518215438,-0.33621531155556755,-0.4918910979189328
0.485,-0.43991553006203726,0.7330717080740597
-0.33421733603774656,0.48526313153467626,0.4405897770456299
-0.48678593685248167,0.527785597354626,-0.3558106369891277
-0.3306898356446437,-0.4852100147370636,-0.4431388863064093
0.4470477037936274,-0.33625626352765114,-0.4918501459468492
0.4850409519720836,-0.43987457808995367,0.7331126600461433
-0.33417638406566297,0.48530408350675985,0.4405488250735463
-0.4865063356498368,0.528065198557271,-0.3555310357864828
-0.33041023444199885,-0.485,-0.44341848750905416
0.44732730499627227,-0.336535864730296,-0.4921297471494941
0.485,-0.44015417929259854,0.7328330588434984
-0.3338967828630181,0.485024482304115,0.44026922387090145
