-2.5222500000000005,2.7222500000000007,-2.2862625000000003
2.5222500000000005,-2.2862625000000003,2.5222500000000005
-2.2862625000000003,-2.5222500000000005,-2.5222500000000005
2.5222500000000005,2.7222500000000007,2.4298875000000004
-2.5222500000000005,2.4298875000000004,2.5222500000000005
-2.2862625000000003,2.5222500000000005,-2.5222500000000005
-2.5222500000000005,2.5222500000000005,-2.2862625000000003
-2.5222500000000005,2.5222500000000005,2.4298875000000004
-2.5222500000000005,-2.2862625000000003,-2.5222500000000005
2.4298875000000004,2.7222500000000007,2.5222500000000005
2.5222500000000005,-2.7222500000000007,2.4298875000000004
-2.5222500000000005,-2.388913265306123,-2.5222500000000005
-2.2862625000000003,2.5222500000000005,-2.5222500000000005
-2.5222500000000005,2.5222500000000005,2.4298875000000004
-2.5222500000000005,2.5222667342834835,2.4298875000000004
-2.5222500000000005,-2.2862625000000003,-2.5222667342834835
2.4299042342834833,2.7222500000000007,2.5222667342834835
2.5222500000000005,-2.7222500000000007,2.4299042342834833
-2.5222500000000005,-2.38889653102264,-2.5222667342834835
-2.2862625000000003,2.5222667342834835,-2.5222667342834835
-2.5222667342834835,2.5222667342834835,2.4299042342834833
-2.5222500000000005,2.5222756170177183,2.4298875000000004
-2.5222588827342354,-2.2862625000000003,-2.5222578515492486
2.4298953515492485,2.722241117265766,2.5222756170177183
2.5222588827342354,-2.7222500000000007,2.429913117017718
-2.5222500000000005,-2.388905413756875,-2.5222578515492486
-2.286271382734235,2.5222756170177183,-2.5222578515492486
-2.5222578515492486,2.5222756170177183,2.429913117017718
-2.5222901799566633,2.522315796974381,2.4298875000000004
-2.522299062690898,-2.2862625000000003,-2.5222500000000005
2.4299355315059112,2.7222500000000007,2.522315796974381
2.5222500000000005,-2.722209820043338,2.4298875000000004
-2.5222901799566633,-2.388865233800212,-2.5222500000000005
-2.2862625000000003,2.5222500000000005,-2.5222500000000005
-2.5222500000000005,2.522315796974381,2.4298875000000004
-2.5222742285916255,2.5223317483394188,2.429903451365038
-2.5222831113258604,-2.2862625000000003,-2.5222659513650383
2.4299195801408735,2.722234048634963,2.5223317483394188
2.5222500000000005,-2.7221938686783003,2.429903451365038
-2.5222742285916255,-2.3888492824351744,-2.5222659513650383
-2.2862625000000003,2.5222500000000005,-2.5222659513650383
-2.5222659513650383,2.5223317483394188,2.4298875000000004
-2.522275034366955,2.5223325541147483,2.4299026455897086
-2.522282305550531,-2.2862625000000003,-2.522266757140368
2.429920385916203,2.7222348544102926,2.5223325541147483
2.5222500000000005,-2.7221930629029707,2.4299026455897086
-2.522275034366955,-2.388850088210504,-2.522266757140368
-2.2862625000000003,2.52225080577533,-2.5222651455897087
-2.522266757140368,2.522330942564089,2.42988830577533
-2.5222933851856477,2.5223142032960557,2.4298875000000004
-2.5223006563692234,-2.286280850818693,-2.5222500000000005
2.4299020350975105,2.7222165035916,2.5223142032960557
2.522268350818693,-2.722174712084278,2.429920996408401
-2.5222933851856477,-2.3888684390291965,-2.5222500000000005
-2.286280850818693,2.5222691565940227,-2.5222834964084013
-2.5222851079590605,2.5223125917453966,2.4298875000000004
-2.5223889793092624,2.5224097974196704,2.4298875000000004
-2.522396250492838,-2.2863764449423076,-2.5222500000000005
2.4298875000000004,2.7222500000000007,2.5224097974196704
2.522363944942308,-2.7222500000000007,2.4298875000000004
-2.5223889793092624,-2.3889640331528113,-2.5222500000000005
-2.2862625000000003,2.5223647507176374,-2.522379090532016
-2.522380702082675,2.5222500000000005,2.4298875000000004
-2.5223705851075975,2.5224281916213354,2.4298875000000004
-2.522377856291173,-2.2863948391439726,-2.5222500000000005
2.4299058942016654,2.7222500000000007,2.5224281916213354
2.522345550740643,-2.722231605798336,2.4299058942016654
-2.5223705851075975,-2.388982427354476,-2.5222500000000005
-2.2862625000000003,2.5223463565159725,-2.522397484733681
-2.52239909628434,2.5222683942016655,2.4298875000000004
-2.522448322538798,2.522505929052536,2.4298875000000004
-2.522455593722374,-2.286472576575173,-2.5222500000000005
2.429983631632866,2.7222500000000007,2.5223504541901347
2.5222678133094423,-2.722153868367135,2.4298875000000004
-2.522448322538798,-2.3889046899232755,-2.522327737431201
-2.2862625000000003,2.522424093947173,-2.5224752221648816
-2.5224768337155408,2.522346131632866,2.4298875000000004
-2.5224307229803484,2.5225235286109857,2.4298875000000004
-2.5224731932808235,-2.2864549770167235,-2.5222675995584503
2.4299660320744163,2.722232400441551,2.522332854631685
2.522285412867892,-2.722171467925585,2.4298875000000004
-2.5224307229803484,-2.388887090364826,-2.522345336989651
-2.28628009955845,2.5224064943887234,-2.5224928217233313
-2.5224944332739905,2.5223285320744164,2.42990509955845
-2.522446668897612,2.5225394745282492,2.4298875000000004
-2.522489139198087,-2.286470922933987,-2.5222835454757138
2.429950086157153,2.7222483463588145,2.5223169087144215
2.5222694669506285,-2.7221555220083213,2.429903445917264
-2.522414777063085,-2.3889030362820893,-2.5223612829069144
-2.2862641536411865,2.522422440305987,-2.522476875806068
-2.522478487356727,2.52234447799168,2.4299210454757136
-2.5224893959215833,2.522496747504278,2.4298875000000004
-2.5225318662220584,-2.2864281959100157,-2.5222500000000005
2.429992813181124,2.7222500000000007,2.522359635738393
2.5223121939746,-2.7221982490322927,2.4298875000000004
-2.5224575040870563,-2.388860309258118,-2.5224040099308858
-2.2862625000000003,2.5224651673299583,-2.522519602830039
-2.5225212143806983,2.5223872050156513,2.429963772499685
-2.5224844168581186,2.5224917684408132,2.429892479063465
-2.5225268871585937,-2.2864331749734803,-2.522254979063465
2.429997792244589,2.722245020936536,2.522354656674928
2.5223171730380645,-2.7222032280957573,2.4298875000000004
-2.522462483150521,-2.3888652883215826,-2.522399030867421
-2.2862625000000003,2.522470146393423,-2.522524581893504
-2.5225162353172337,2.522392184079116,2.4299587934362203
-2.5224880078266882,2.5224881774722436,2.4298888880948954
-2.5225304781271634,-2.2864295840049107,-2.5222513880948956
2.4300013832131584,2.7222486119051057,2.522358247643498
2.522320764006634,-2.7221996371271877,2.4298875000000004
-2.5224588921819513,-2.388861697353013,-2.5224026218359907
-2.2862625000000003,2.5224737373619925,-2.522520990924934
-2.522512644348664,2.5223885931105463,2.42996238440479
-2.522480444143802,2.5224806137893574,2.4298964517777817
-2.5225380418100496,-2.286437147687797,-2.5222500000000005
2.429993819530272,2.7222410482222195,2.5223506839606116
2.5223283276895203,-2.722207200810074,2.4298875000000004
-2.5224664558648375,-2.3888692610358992,-2.5223950581531045
-2.2862700636828865,2.5224661736791063,-2.5225285546078204
-2.5225202080315503,2.52238102942766,2.4299548207219037
-2.5224516751579613,2.522509382775198,2.4298875000000004
-2.5225668107958903,-2.2864083787019562,-2.5222787689858412
2.4299650505444315,2.7222500000000007,2.522321914974771
2.5222995587036796,-2.7222359697959146,2.429916268985841
-2.5224952248506782,-2.3888404920500586,-2.522366289167264
-2.2862988326687272,2.522494942664947,-2.5224997856219797
-2.522548977017391,2.5224097984135008,2.429926051736063
-2.5224450203485342,2.522502727965771,2.4298941548094275
-2.5225734656053174,-2.2864150335113833,-2.522272114176414
2.4299583957350044,2.7222433451905736,2.522315260165344
2.5223062135131067,-2.7222293149864876,2.429909614176414
-2.522488570041251,-2.3888338372406315,-2.5223596343578367
-2.2863054874781543,2.52248828785552,-2.5224931308125527
-2.522542322207964,2.522416453222928,2.429919396926636
-2.5224537439952663,2.522511451612503,2.4299028784561596
-2.5225821892520495,-2.286406309864651,-2.5222808378231463
2.4299671193817365,2.7222346215438415,2.522323983812076
2.5222974898663746,-2.7222205913397555,2.429900890529682
-2.5224972936879833,-2.3888425608873636,-2.522368358004569
-2.286296763831422,2.522479564208788,-2.5225018544592848
-2.522551045854696,2.5224077295761957,2.429910673279904
-2.522457089455311,2.5225147970725477,2.429906223916204
-2.522578843792005,-2.2864029644046067,-2.522284183283191
2.429963773921692,2.722231276083797,2.5223273292721204
2.522300835326419,-2.7222239367998,2.4298975450696374
-2.522500639148028,-2.388845906347408,-2.5223650125445243
-2.2862934183713777,2.5224762187487433,-2.52249850899924
-2.5225543913147406,2.5224110750362403,2.4299140187399484
-2.522425027859733,2.5225468586681257,2.429938285511782
-2.522610905387583,-2.2863709028090287,-2.522316244878769
2.429931712326114,2.7222500000000007,2.5223593908676984
2.522332896921997,-2.722191875204222,2.4298875000000004
-2.522532700743606,-2.388877967942986,-2.5223329509489463
-2.2862625000000003,2.5224441571531653,-2.5225305705948182
-2.5225864529103186,2.5223790134406623,2.4298875000000004
-2.5224510333503565,2.5225728641587493,2.4299642910024057
-2.5226369108782065,-2.2863969082996523,-2.5223422503693924
2.4299057068354903,2.7222500000000007,2.522333385377075
2.5223589024126207,-2.7222178806948456,2.4298875000000004
-2.522506695252982,-2.3889039734336097,-2.5223069454583227
-2.286288505490624,2.5224181516625417,-2.522556576085442
-2.522612458400942,2.5223530079500387,2.4298875000000004
-2.522421017497278,2.5225428483056707,2.4299943068554843
-2.522666926731285,-2.2863668924465737,-2.522372266222471
2.4298875000000004,2.7222500000000007,2.5223033695239963
2.522328886559542,-2.722247896547924,2.4298875000000004
-2.522536711106061,-2.388873957580531,-2.522276929605244
-2.2862625000000003,2.5224481675156203,-2.5225865919385204
-2.5225824425478636,2.5223830238031173,2.4298875000000004
-2.522462654376209,2.522584485184602,2.4300359437344157
-2.522625289852354,-2.286408529325505,-2.5224139031014023
2.4298875000000004,2.7222500000000007,2.5223450064029276
2.5223705234384735,-2.7222500000000007,2.4298875000000004
-2.522578347984992,-2.3889155944594624,-2.5222500000000005
-2.2862625000000003,2.5224898043945516,-2.522544955059589
-2.5225408056689322,2.5224246606820486,2.4298875000000004
-2.522454176495335,2.522592963065476,2.43004442161529
-2.522633767733228,-2.2864000514446308,-2.5224223809822766
2.4298959778808746,2.7222415221191265,2.522353484283802
2.5223620455575992,-2.7222500000000007,2.4298875000000004
-2.5225868258658664,-2.3889071165785882,-2.5222500000000005
-2.2862625000000003,2.5224813265136774,-2.522536477178715
-2.522532327788058,2.522433138562923,2.4298875000000004
-2.522423370130548,2.522562156700689,2.430075227980077
-2.522664574098015,-2.286430857809418,-2.5224531873470637
2.4298875000000004,2.7222107157543394,2.522384290648589
2.5223928519223864,-2.7222500000000007,2.4299183063647876
-2.5226176322306535,-2.388876310213801,-2.5222808063647877
-2.2862625000000003,2.5225121328784645,-2.522567283543502
-2.522501521423271,2.52246394492771,2.4298875000000004
-2.5224218606239424,2.5225606471940836,2.4300767374866825
-2.5226660836046206,-2.2864293483028124,-2.522454696853669
2.429889009506606,2.722212225260945,2.5223858001551944
2.522394361428992,-2.7222484904933952,2.429916796858182
-2.522616122724048,-2.3888778197204066,-2.522279296858182
-2.286264009506606,2.522510623371859,-2.5225687930501075
-2.5225030309298764,2.5224654544343155,2.4298875000000004
-2.5224696601277876,2.522608446697929,2.4300289379828373
-2.5226182841007754,-2.2864771478066577,-2.522406897349824
2.4298875000000004,2.7221644257570996,2.5224335996590397
2.5223465619251466,-2.7222500000000007,2.4298875000000004
-2.5225683232202027,-2.388925619224252,-2.5223270963620275
-2.286311809010451,2.5225584228757043,-2.5226165925539528
-2.522455231426031,2.5225132539381607,2.4298875000000004
-2.52250000535827,2.5225781014674467,2.429998592752355
-2.522587938870293,-2.2864468025761755,-2.522437242580306
2.4299178452304826,2.722194770987582,2.522463944889522
2.5223162166946644,-2.7222500000000007,2.4298875000000004
-2.522598668450685,-2.3888952739937697,-2.5222967511315453
-2.286281463779969,2.5225887681061865,-2.522646937784435
-2.5224855766565133,2.522543599168643,2.4298875000000004
-2.5225158275147948,2.5225622793109217,2.43001441490888
-2.522603761026818,-2.2864309804196505,-2.522421420423781
2.4299020230739576,2.722178948831057,2.522479767046047
2.5223003945381395,-2.7222341778434758,2.4298875000000004
-2.52258284629416,-2.3889110961502946,-2.5222809289750203
-2.286265641623444,2.5226045902627114,-2.52263111562791
-2.5224697544999883,2.522559421325168,2.4298875000000004
-2.5225647079405022,2.522611159736629,2.4299655344831725
-2.5225548806011107,-2.286479860845358,-2.5223725399980736
2.4298875000000004,2.7221300684053493,2.5225286474717543
2.522251514112432,-2.7222500000000007,2.429936380425708
-2.5225339658684525,-2.388862215724587,-2.522329809400728
-2.2862625000000003,2.522653470688419,-2.5226799960536175
-2.522518634925696,2.5226083017508754,2.4298875000000004
-2.5225789920103145,2.5226254438064415,2.4299512504133602
-2.522569164670923,-2.2864941449151703,-2.5223582559282614
2.4299017840698127,2.7221443524751616,2.522514363401942
2.5222657981822443,-2.7222357159301884,2.4299220963558956
-2.5225482499382648,-2.388847931654775,-2.52234409347054
-2.2862767840698126,2.5226391866186066,-2.5226942801234298
-2.522532918995508,2.522594017681063,2.4299017840698127
-2.5225672440145286,2.5226371918022275,2.4299395024175743
-2.522557416675137,-2.2864823969193844,-2.5223700039240473
2.4298900360740268,2.7221326044793757,2.522526111397728
2.5222775461780302,-2.7222474639259744,2.4299338443516816
-2.522536501942479,-2.388836183658989,-2.522355841466326
-2.2862885320655986,2.5226509346143926,-2.5227060281192157
-2.522521170999722,2.522605765676849,2.4299135320655987
-2.522566724542643,2.522637711274113,2.4299389829456888
-2.5225579361470225,-2.28648291639127,-2.522370523395933
2.4298905555459123,2.72213208500749,2.5225255919258425
2.5222770267061447,-2.722246944454089,2.429934363823567
-2.5225370214143643,-2.3888367031308744,-2.5223553219944406
-2.286288012593713,2.522651454086278,-2.5227065475911012
-2.5225206515278367,2.5226062851487345,2.429914051537484
-2.522529158029967,2.522675277786789,2.429976549458365
-2.5225955026596987,-2.286520482903946,-2.5223329568832566
2.4298875000000004,2.7221696515201663,2.5225631584385186
2.522314593218821,-2.7222093779414127,2.429896797310891
-2.5225745879270405,-2.3888742696435505,-2.5223177554817644
-2.2862625000000003,2.522613887573602,-2.5227441141037774
-2.522558218040513,2.5225687186360584,2.4298875000000004
-2.5225635044634283,2.5227096242202505,2.4299422030249036
-2.52262984909316,-2.2865548293374074,-2.5222986104497953
2.4299218464334618,2.7222039979536277,2.52259750487198
2.5223489396522822,-2.722243724374874,2.4298875000000004
-2.522608934360502,-2.388908616077012,-2.522283409048303
-2.2862625000000003,2.5226482340070633,-2.5227784605372388
-2.522592564473974,2.522534372202597,2.4299218464334618
-2.5225668517841635,2.522706276899515,2.429945550345639
-2.5226331964138953,-2.2865581766581426,-2.52229526312906
2.429925193754197,2.7222006506328924,2.5225941575512447
2.522345592331547,-2.7222470716956093,2.4298875000000004
-2.522612281681237,-2.3889052687562766,-2.522280061727568
-2.2862625000000003,2.522644886686328,-2.5227751132165035
-2.5225959117947094,2.5225377195233323,2.4299184991127265
-2.522561002373959,2.52271212630972,2.429939700935434
-2.5226273470036906,-2.2865640260683473,-2.5222894137188554
2.4299310431644017,2.722206500043097,2.5226000069614494
2.5223397429213423,-2.7222500000000007,2.429893349410205
-2.5226181310914417,-2.3889111181664813,-2.522274212317363
-2.286268349410205,2.5226507360965327,-2.522780962626708
-2.522601761204914,2.522543568933537,2.429924348522931
-2.5225443647348067,2.522728763948872,2.4299563385745864
-2.522643984642843,-2.2865806637074995,-2.5223060513580076
2.4299144055252495,2.722189862403945,2.522583369322297
2.52232310528219,-2.7222333623608486,2.4298875000000004
-2.522634768730594,-2.388894480527329,-2.5222908499565153
-2.2862625000000003,2.5226340984573805,-2.522764324987556
-2.5226183988440662,2.5225269312943848,2.429907710883779
-2.5225370534749585,2.522721452689024,2.429949027314738
-2.5226366733829946,-2.2865733524476513,-2.5223133626178558
2.4299070942654013,2.7221825511440967,2.5225906805821454
2.5223304165420384,-2.7222260511010004,2.4298875000000004
-2.5226274574707457,-2.388887169267481,-2.5222981612163635
-2.2862625000000003,2.5226267871975323,-2.522771636247404
-2.522611087584218,2.522534242554233,2.429915022143627
-2.5225320562688407,2.522716455482906,2.429954024520856
-2.5226416705891124,-2.2865683552415335,-2.522308365411738
2.4299020970592835,2.722177553937979,2.5225856833760276
2.522335413748156,-2.7222210538948826,2.4298875000000004
-2.5226324546768635,-2.388882172061363,-2.5222931640102457
-2.286267497206118,2.52263178440365,-2.522776633453522
-2.5226060903781002,2.5225392397603508,2.429920019349745
-2.522549804124303,2.522698707627444,2.429936276665394
-2.5226594184445745,-2.2865861030969956,-2.5223261132672
2.4299198449147457,2.7221598060825167,2.52260343123149
2.5223531616036183,-2.7222033060394204,2.4298875000000004
-2.5226147068214013,-2.388864424205901,-2.5222754161547836
-2.2862625000000003,2.5226495322591123,-2.522794381308984
-2.5226238382335624,2.5225214919048886,2.429937767205207
-2.5225581694516634,2.5227070729548045,2.429927911338033
-2.522651053117214,-2.286577737769635,-2.5223177479398395
2.429911479587385,2.7221681714098773,2.522595065904129
2.522361526930979,-2.722211671366781,2.429895865327361
-2.522623072148762,-2.3888560588785404,-2.522283781482144
-2.2862625000000003,2.522657897586473,-2.5227860159816236
-2.522615472906202,2.522529857232249,2.4299461325325677
-2.5225305047232327,2.522734737683235,2.4299002466096025
-2.522623388388783,-2.2866054024980658,-2.5223454126682703
2.4298875000000004,2.722195836138308,2.5225674011756984
2.522333862202548,-2.7222393360952117,2.4299235300557918
-2.522595407420331,-2.388883723606971,-2.5222561167537134
-2.2862625000000003,2.5226855623149036,-2.5228136807100543
-2.5226431376346325,2.52255752196068,2.429918467804137
-2.5224979535576506,2.5227672888488173,2.4298875000000004
-2.5226559395543653,-2.2865728513324837,-2.522312861502688
2.4298875000000004,2.72222838730389,2.5225999523412805
2.522301311036966,-2.7222067849296296,2.429956081221374
-2.522562856254749,-2.388851172441389,-2.5222886679192955
-2.2862950511655824,2.5227181134804857,-2.5228462318756364
-2.5226105864690505,2.522590073126262,2.4298875000000004
-2.522496884765051,2.5227662200562175,2.4298875000000004
-2.5226548707617655,-2.286571782539884,-2.522313930295288
2.4298875000000004,2.7222273185112904,2.522598883548681
2.522302379829566,-2.72220571613703,2.429955012428774
-2.522563925047349,-2.3888522412339888,-2.5222875991266958
-2.286296119958182,2.5227191822730854,-2.522847300668236
-2.5226095176764507,2.5225890043336623,2.4298875000000004
-2.522475657167188,2.5227449924583545,2.4298875000000004
-2.5226760983596286,-2.286550554942021,-2.522335157893151
2.4298875000000004,2.7222060909134274,2.522620111146544
2.522323607427429,-2.722226943734893,2.429933784830911
-2.522542697449486,-2.3888310136361257,-2.5222663715288327
-2.286274892360319,2.5227404098709485,-2.522826073070373
-2.5225882900785876,2.5225677767357992,2.4298875000000004
-2.5224779351385602,2.522742714486982,2.4298875000000004
-2.522678376331001,-2.2865528329133933,-2.5223374358645234
2.4298875000000004,2.722203812942055,2.5226178331751714
2.5223213294560565,-2.7222246657635205,2.4299315068595386
-2.5225404194781134,-2.388833291607498,-2.5222640935574603
-2.2862726143889467,2.522738131899576,-2.5228237950990007
-2.52259056804996,2.5225700547071717,2.429889777971373
-2.522491134999117,2.5227295146264255,2.429900699860557
-2.5226915761915576,-2.2865396330528367,-2.522324236003967
2.4298875000000004,2.7222170128026115,2.522604633314615
2.5223081295955,-2.722211465902964,2.429918306998982
-2.5225272196175568,-2.3888200917469415,-2.522277293418017
-2.2862858142495033,2.5227249320390195,-2.5228369949595573
-2.5226037679105167,2.5225832545677283,2.4298875000000004
-2.5224899725236973,2.522728352151006,2.4298995373851375
-2.522692738666977,-2.286538470577417,-2.5223253984793863
2.4298875000000004,2.722218175278031,2.5226034708391953
2.5223092920709194,-2.7222103034275444,2.4299194694744015
-2.5225283820929763,-2.388818929271522,-2.5222761309425974
-2.286284651774084,2.5227237695636,-2.5228381574349767
-2.522604930385936,2.5225844170431477,2.42988866247542
-2.522498349242002,2.5227367288693108,2.4299079141034423
-2.5226843619486723,-2.286546847295722,-2.522333775197691
2.4298875000000004,2.7222097985597262,2.5226118475575
2.522317668789224,-2.7222186801458492,2.4299278461927063
-2.522536758811281,-2.3888105525532173,-2.5222677542242926
-2.286276275055779,2.5227153928452952,-2.522829780716672
-2.5225965536676314,2.5225927937614525,2.4298875000000004
-2.5224846097360225,2.5227504683752904,2.429921653609422
-2.522698101454652,-2.2865605868017016,-2.5223200356917115
2.4298875000000004,2.722223538065706,2.5226255870634797
2.5223039292832445,-2.7222049406398696,2.4299141066867267
-2.5225230193053014,-2.3887968130472377,-2.522281493730272
-2.2862900145617586,2.522729132351275,-2.5228160412106924
-2.5225828141616518,2.522579054255473,2.42990123950598
-2.5225030588801225,2.5227320192311904,2.429940102753522
-2.522679652310552,-2.2865421376576016,-2.5223015865476115
2.4298875000000004,2.722241987209806,2.5226440362075797
2.5222854801391446,-2.7221864914957696,2.4298956575426267
-2.5225414684494014,-2.3887783639031377,-2.522299942874372
-2.2862715654176586,2.522710683207175,-2.5228344903547923
-2.5226012633057517,2.522597503399573,2.4298875000000004
-2.5225012354223564,2.5227338426889565,2.429941926211288
-2.522677828852786,-2.2865403141998355,-2.5222997630898454
2.4298893234577665,2.722243810667572,2.5226422127498136
2.5222836566813784,-2.7221883149535357,2.4298938340848606
-2.5225432919071675,-2.3887765404453716,-2.522298119416606
-2.2862733888754248,2.522712506664941,-2.5228363138125585
-2.522603086763518,2.522599326857339,2.4298893234577665
-2.522472866241205,2.522762211870108,2.4299135570301367
-2.5226494596716345,-2.286511945018684,-2.5223281322709967
2.429917692638918,2.7222500000000007,2.522670581930965
2.52231202586253,-2.722216684134687,2.4298875000000004
-2.522514922726016,-2.3887481712642202,-2.5222697502354547
-2.2862625000000003,2.5227408758460923,-2.522807944631407
-2.522631455944669,2.5226276960384904,2.4298875000000004
-2.522437757111434,2.522727102740337,2.4298875000000004
-2.5226845688014055,-2.286547054148455,-2.5223632414007677
2.4298875000000004,2.7222148908702297,2.522705691060736
2.522347134992301,-2.722181575004916,2.4298875000000004
-2.522479813596245,-2.3887130621344492,-2.5222500000000005
-2.2862625000000003,2.5227759849758633,-2.522843053761178
-2.52266656507444,2.5226628051682614,2.4299226091297714
-2.5224501111297473,2.5227147487220236,2.4298875000000004
-2.5226969228197187,-2.2865594081667684,-2.522375595419081
2.4298875000000004,2.722227244888543,2.5226933370424227
2.522359489010614,-2.7221939290232293,2.4298875000000004
-2.5224921676145584,-2.3887254161527625,-2.5222500000000005
-2.2862748540183135,2.52276363095755,-2.522830699742865
-2.522654211056127,2.5226751591865746,2.429910255111458
-2.5224312046457067,2.522695842237983,2.4298875000000004
-2.5227158293037593,-2.286540501682728,-2.5223566889350404
2.4298875000000004,2.7222461513725835,2.5227122435264633
2.5223783954946546,-2.7221750225391887,2.429906406484041
-2.522473261130518,-2.388706509668722,-2.5222500000000005
-2.2862625000000003,2.5227825374415906,-2.5228496062269055
-2.5226731175401675,2.522694065670615,2.4299291615954988
-2.522433111154233,2.522697748746509,2.4298894065085266
-2.5227177358122854,-2.2865385951742017,-2.5223585954435666
2.4298894065085266,2.7222442448640574,2.522710337017937
2.5223764889861284,-2.7221731160306626,2.429904499975515
-2.522475167639044,-2.388708416177248,-2.5222519065085267
-2.2862644065085265,2.5227806309330645,-2.5228515127354316
-2.5226750240486937,2.5226959721791413,2.4299272550869726
-2.5224547170411253,2.5226761428596167,2.429911012395419
-2.522739341699178,-2.286560201061094,-2.522336989556674
2.4298875000000004,2.7222500000000007,2.5227319429048296
2.522354883099236,-2.72215151014377,2.4298875000000004
-2.5224535617521515,-2.3887300220641405,-2.522273512395419
-2.286286012395419,2.522802236819957,-2.522873118622324
-2.522696629935586,2.522674366292249,2.42990564920008
-2.522446569732049,2.522684290168693,2.429902865086343
-2.522747489008254,-2.2865683483701704,-2.522328842247598
2.4298956473090767,2.7222418526909244,2.5227237955957533
2.5223467357901597,-2.7221596574528464,2.4298875000000004
-2.5224454144430752,-2.3887218747550643,-2.5222816597044955
-2.2862778650863427,2.5227940895108807,-2.522864971313248
-2.52268848262651,2.5226662189831726,2.429897501891004
-2.522450327702599,2.522688048139243,2.4299066230568926
-2.5227437310377043,-2.2865721063407203,-2.522325084277048
2.4298994052796266,2.7222456106614743,2.522727553566303
2.5223504937607095,-2.7221634154233962,2.4298875000000004
-2.5224416564725254,-2.3887181167845144,-2.5222779017339456
-2.286274107115793,2.5227978474814305,-2.522861213342698
-2.52268472465596,2.5226624610126227,2.4299012598615537
-2.522461171241156,2.5226988916778,2.4298957795183354
-2.522732887499147,-2.286561262802163,-2.5223142407384906
2.429910248818184,2.7222500000000007,2.522716710027746
2.522361337299267,-2.722152571884839,2.4298875000000004
-2.5224525000110827,-2.3887289603230717,-2.522288745272503
-2.28628495065435,2.5227870039428733,-2.5228720568812553
-2.5226955681945173,2.52267330455118,2.4298904163229964
-2.5224283425255942,2.522731720393362,2.4299286082338973
-2.522700058783585,-2.286594091517725,-2.5222814120229287
2.4298875000000004,2.7222500000000007,2.522749538743308
2.522394166014829,-2.722119743169277,2.4298875000000004
-2.5224196712955207,-2.3886961316075097,-2.522255916556941
-2.2862625000000003,2.5228198326584352,-2.5229048855968172
-2.5227283969100793,2.522706133266742,2.4299232450385584
-2.5224615901094,2.5227649679771678,2.429961855817703
-2.5227333063673907,-2.2866273391015306,-2.5222500000000005
2.4298875000000004,2.7222500000000007,2.5227162911595022
2.5224274135986344,-2.7221529907530826,2.4298875000000004
-2.5224529188793263,-2.388662884023704,-2.5222891641407466
-2.2862625000000003,2.522853080242241,-2.522938133180623
-2.5226951493262737,2.5227393808505476,2.429956492622364
-2.5224760501986148,2.5227794280663827,2.429947395728488
-2.5227477664566056,-2.2866417991907455,-2.5222644600892155
2.4298875000000004,2.722235539910786,2.522730751248717
2.5224418736878493,-2.7221385306638677,2.4299019600892153
-2.5224673789685412,-2.388648423934489,-2.5222747040515316
-2.2862625000000003,2.522838620153026,-2.522952593269838
-2.5227096094154886,2.5227249207613327,2.429970952711579
-2.5224841372778157,2.5227713409871817,2.429939308649287
-2.5227558535358066,-2.2866498862699465,-2.5222725471684164
2.4298955870792014,2.722243626989987,2.522738838327918
2.5224499607670503,-2.7221466177430687,2.4298938730100144
-2.522475466047742,-2.388640336855288,-2.5222827911307326
-2.2862705870792013,2.522846707232227,-2.522944506190637
-2.5227176964946896,2.5227168336821317,2.42997903979078
-2.5224565506424783,2.5227437543518443,2.4299117220139497
-2.522728266900469,-2.286677472905284,-2.522300133803754
2.4298875000000004,2.7222500000000007,2.5227664249632555
2.5224775474023877,-2.722174204378406,2.4298875000000004
-2.5225030526830796,-2.3886679234906256,-2.522255204495395
-2.2862625000000003,2.5228742938675643,-2.5229720928259742
-2.522745283130027,2.5226892470467943,2.4299514531554425
-2.5224743182306444,2.522725986763678,2.4298939544257836
-2.522710499312303,-2.28669524049345,-2.5222823662155878
2.4299052675881665,2.7222500000000007,2.5227841925514216
2.5224597798142216,-2.72215643679024,2.4298875000000004
-2.5225208202712457,-2.3886856910787917,-2.5222500000000005
-2.2862802675881664,2.5228920614557304,-2.5229898604141403
-2.522763050718193,2.5227070146349604,2.4299336855672764
-2.5224907607077776,2.522709544286545,2.4298875000000004
-2.5227269417894362,-2.286711682970583,-2.522298808692721
2.4299217100652997,2.7222500000000007,2.522800635028555
2.522476222291355,-2.722139994313107,2.4298875000000004
-2.5225043777941125,-2.3886692486016585,-2.5222500000000005
-2.286263825111033,2.5229085039328636,-2.522973417937007
-2.52274660824106,2.522690572157827,2.4299172430901432
-2.522483719902392,2.5227025034811597,2.429894540805386
-2.522719900984051,-2.2867187237759685,-2.5222917678873356
2.4299146692599143,2.7222500000000007,2.5227935942231694
2.52248326309674,-2.722147035118492,2.429894540805386
-2.522497336988727,-2.388662207796273,-2.5222500000000005
-2.2862625000000003,2.522915544738249,-2.5229663771316218
-2.5227536490464453,2.5226976129632126,2.429910202284758
-2.52247242568634,2.522713797697212,2.429905835021438
-2.522731195200103,-2.2867300179920207,-2.5223030621033877
2.429903375043862,2.7222387057839486,2.5227823000071172
2.5224945573127924,-2.72213574090244,2.4298875000000004
-2.522486042772675,-2.388650913580221,-2.5222612942160527
-2.2862737942160525,2.522926838954301,-2.522977671347674
-2.522742354830393,2.5226863187471604,2.42992149650081
-2.522464312293333,2.522721911090219,2.4298977216284308
-2.522723081807096,-2.286738131385028,-2.5222949487103805
2.4299114884368693,2.7222305923909413,2.5227904134001244
2.5225026707057996,-2.722127627509433,2.4298956133930076
-2.5224779293796677,-2.388659026973228,-2.52226940760906
-2.2862656808230453,2.5229349523473084,-2.5229695579546667
-2.522734241437386,2.5226944321401676,2.429913383107803
-2.522466054668547,2.5227236534654334,2.429899464003645
-2.5227213394318815,-2.2867363890098136,-2.522293206335166
2.4299132308120837,2.7222323347661557,2.5227921557753388
2.522504413081014,-2.7221258851342185,2.429897355768222
-2.5224761870044534,-2.3886607693484425,-2.5222711499842743
-2.286263938447831,2.5229366947225227,-2.522971300329881
-2.5227359838126002,2.5226926897649533,2.4299116407325885
-2.522480657670048,2.5227382564669343,2.429914067005146
-2.5227067364303806,-2.2867509920113145,-2.5222786033336653
2.4299278338135846,2.7222469377676566,2.5228067587768397
2.522489810079513,-2.7221404881357194,2.4298875000000004
-2.5224615840029525,-2.3886753723499434,-2.522285752985775
-2.2862625000000003,2.5229512977240236,-2.52295669732838
-2.5227213808110993,2.5227072927664542,2.4298970377310876
-2.5224660366079408,2.522723635404827,2.4298994459430387
-2.522721357492488,-2.2867363709492072,-2.5222932243957725
2.429942454875692,2.7222500000000007,2.522821379838947
2.5224751890174058,-2.7221551091978267,2.4298875000000004
-2.5224762050650598,-2.3886899934120507,-2.5223003740478824
-2.2862625000000003,2.522965918786131,-2.5229713183904874
-2.5227360018732066,2.522692671704347,2.4298875000000004
-2.5224599930179377,2.52272967899483,2.4298934023530356
-2.5227153139024847,-2.2867424145392103,-2.5222992679857756
2.4299364112856887,2.7222439564099976,2.522815336248944
2.5224691454274026,-2.7221490656078235,2.4298935435900035
-2.5224701614750566,-2.3886839498220476,-2.5222943304578793
-2.2862625000000003,2.5229598751961277,-2.5229773619804905
-2.5227420454632097,2.522686628114344,2.4298875000000004
-2.522474567668071,2.5227151043446967,2.429907977003169
-2.522729888552618,-2.286727839889077,-2.522313842635909
2.4299218366355553,2.7222500000000007,2.5228299108990773
2.522483720077536,-2.72213449095769,2.429908118240137
-2.52248473612519,-2.388669375171914,-2.522279755807746
-2.2862770746501337,2.522974449846261,-2.522991936630624
-2.522756620113343,2.5227012027644773,2.4298875000000004
-2.5224596281968332,2.522700164873459,2.429893037531931
-2.522744828023856,-2.286712900417839,-2.522328782107147
2.4299068971643174,2.722235060528763,2.5228149714278394
2.522498659548774,-2.722149430428928,2.429923057711375
-2.522499675596428,-2.3886544357006763,-2.5222946952789838
-2.2862625000000003,2.522989389317499,-2.523006876101862
-2.5227416806421052,2.522716142235715,2.4298875000000004
-2.5224763309939227,2.5226834620763694,2.4298875000000004
-2.5227615308209455,-2.2867296032149285,-2.5223120793100575
2.429890194367228,2.7222183577316734,2.52279826863075
2.5225153623458634,-2.7221327276318386,2.4299063549142854
-2.5225163783935174,-2.3886711384977657,-2.522311398076073
-2.2862625000000003,2.5230060921145885,-2.5229901733047724
-2.5227583834391947,2.5227328450328046,2.42990420279709
-2.522470068672489,2.5226771997549355,2.4298937623214343
-2.5227677931423793,-2.2867358655363623,-2.5223058169886237
2.4298875000000004,2.7222246200531073,2.522792006309316
2.5225091000244295,-2.7221389899532724,2.4299126172357193
-2.5225226407149512,-2.3886774008191995,-2.5223051357546393
-2.2862625000000003,2.5230123544360223,-2.5229839109833385
-2.5227646457606285,2.5227391073542385,2.429897940475656
-2.5224798184585735,2.522667449968851,2.4298875000000004
-2.5227580433562946,-2.2867261157502776,-2.5223155667747084
2.4298875000000004,2.722234369839192,2.522801756095401
2.522518849810514,-2.722148739739357,2.429922367021804
-2.522532390501036,-2.3886871506052842,-2.522314885540724
-2.2862625000000003,2.523022104222107,-2.522993660769423
-2.5227743955467132,2.5227293575681538,2.4298881906895713
-2.5224799241541964,2.522667344273228,2.4298876056956233
-2.5227579376606717,-2.2867260100546547,-2.5223156724703313
2.4298876056956233,2.722234264143569,2.5228018617910237
2.522518955506137,-2.72214884543498,2.429922261326181
-2.522532496196659,-2.388687256300907,-2.522314991236347
-2.2862625000000003,2.523021998526484,-2.522993766465046
-2.522774501242336,2.5227294632637767,2.4298880849939484
-2.5224810381894303,2.5226684583084618,2.429888719730857
-2.522756823625438,-2.2867271240898885,-2.5223145584350974
2.4298875000000004,2.722235378178803,2.5228029758262576
2.5225178414709033,-2.722147731399746,2.429921147290947
-2.522531382161425,-2.388688370336141,-2.522316105271581
-2.2862625000000003,2.5230208844912503,-2.5229926524298123
-2.52277561527757,2.522728349228543,2.429889199029182
-2.52247176651191,2.522677729985982,2.4298979914083776
-2.5227475519479174,-2.286717852412368,-2.522305286757577
2.4298875000000004,2.7222446498563233,2.522793704148737
2.522508569793383,-2.722138459722226,2.429911875613427
-2.5225221104839046,-2.3886976420136614,-2.522325376949101
-2.2862625000000003,2.5230301561687707,-2.5230019241073327
-2.5227663436000496,2.5227190775510224,2.4298875000000004
-2.522478587026102,2.5226845505001743,2.4299048119225697
-2.5227543724621095,-2.2867246729265602,-2.522298466243385
2.4298875000000004,2.722237829342131,2.522786883634545
2.522515390307575,-2.7221316392080337,2.429918696127619
-2.5225152899697125,-2.3887044625278535,-2.5223321974632933
-2.2862625000000003,2.5230233356545786,-2.523008744621525
-2.5227731641142417,2.5227122570368303,2.4298875000000004
-2.522464923840248,2.522698213686028,2.429891148736716
-2.5227407092762557,-2.286738336112414,-2.5223121294292388
2.4298875000000004,2.7222500000000007,2.5227732204486912
2.522529053493429,-2.7221453023938875,2.4299323593134727
-2.5225289531555664,-2.3886907993419997,-2.5223185342774395
-2.2862625000000003,2.5230096724687248,-2.522995081435671
-2.5227868273000955,2.522725920222684,2.4298875000000004
-2.5224690298254164,2.5227023196711964,2.4298875000000004
-2.5227366032910874,-2.2867424420975824,-2.522316235414407
2.4298916059851687,2.7222458940148324,2.522769114463523
2.5225249475082605,-2.722149408379056,2.4299282533283044
-2.522524847170398,-2.388694905327168,-2.522314428292271
-2.2862625000000003,2.523013778453893,-2.5229909754505027
-2.522790933285264,2.5227300262078525,2.4298916059851687
-2.5224962857433018,2.5227295755890817,2.4299147559178857
-2.5227638592089727,-2.286715186179697,-2.5222889794965218
2.4298875000000004,2.7222500000000007,2.5227963703814082
2.522552203426146,-2.722176664296941,2.429900997410419
-2.5224975912525127,-2.3887221612450533,-2.5223416842101565
-2.2862625000000003,2.5230410343717784,-2.523018231368388
-2.522818189203149,2.522757282125738,2.429918861903054
-2.522524441216254,2.522757731062034,2.4298875000000004
-2.522792014681925,-2.2867433416526493,-2.522317134969474
2.4298875000000004,2.7222218445270485,2.5228245258543605
2.5225240479531936,-2.722148508823989,2.4298875000000004
-2.522525746725465,-2.388694005772101,-2.5223698396831087
-2.2862625000000003,2.523012878898826,-2.522990075895436
-2.522790033730197,2.52278543759869,2.429890706430102
-2.522518597314725,2.522763574963563,2.4298933439015293
-2.522786170780396,-2.286749185554178,-2.522322978871003
2.4298875000000004,2.7222160006255196,2.5228186819528315
2.5225182040516647,-2.722154352725518,2.4298875000000004
-2.522531590626994,-2.38869984967363,-2.5223756835846376
-2.2862625000000003,2.523018722800355,-2.522984231993907
-2.522784189828668,2.522779593697161,2.4298875000000004
-2.5225066150597706,2.5227515927086084,2.429905326156484
-2.5227741885254416,-2.2867611678091326,-2.5223349611259573
2.4298875000000004,2.722227982880474,2.522830664207786
2.5225062217967102,-2.7221663349804723,2.4298875000000004
-2.5225196083720394,-2.3887118319285845,-2.522387665839592
-2.2862625000000003,2.5230307050553096,-2.5229962142488613
-2.5227961720836225,2.5227915759521156,2.429899482254955
-2.5224947880023287,2.5227634197660502,2.4299171532139257
-2.5227860155828834,-2.2867729948665745,-2.5223231340685155
2.4298993270574423,2.7222161558230322,2.522842491265228
2.5224943947392684,-2.722178162037914,2.4298875000000004
-2.5225077813145975,-2.3887000048711426,-2.52237583878215
-2.2862625000000003,2.5230188779978677,-2.523008041306303
-2.5228079991410644,2.5228034030095574,2.4299113093123967
-2.522476052308776,2.522782155459603,2.429898417520373
-2.522767279889331,-2.286791730560127,-2.522341869762068
2.4298875000000004,2.722234891516585,2.5228612269587805
2.522513130432821,-2.722196897731467,2.429906235693553
-2.522489045621045,-2.3887187405646952,-2.522394574475703
-2.2862625000000003,2.5230376136914203,-2.5229893056127506
-2.5227892634475118,2.52282213870311,2.429892573618844
-2.522476346971343,2.522781860797036,2.42989871218294
-2.522766985226764,-2.286792025222694,-2.5223415750995013
2.429887794662567,2.722234596854018,2.5228609322962137
2.522513425095388,-2.7221971923940336,2.4299059410309862
-2.5224893402836117,-2.388719035227262,-2.522394279813136
-2.286262794662567,2.523037908353987,-2.5229896002753174
-2.522788968784945,2.522822433365677,2.4298922789562774
-2.5224857176652478,2.522791231490941,2.429889341489035
-2.522757614532859,-2.286782654528789,-2.5223322044055965
2.4298875000000004,2.722225226160113,2.522851561602309
2.5225227957892926,-2.7221878217001287,2.4298965703370814
-2.522479969589707,-2.388728405921167,-2.522403650507041
-2.2862625000000003,2.5230285376600823,-2.5229802295814125
-2.52277959809104,2.5228318040595816,2.4298875000000004
-2.522479957008151,2.522785470833844,2.4298951021461317
-2.5227518538757625,-2.2867884151858857,-2.522337965062693
2.4298875000000004,2.7222194655030165,2.5228573222594055
2.5225285564463893,-2.7221935823572254,2.4298908096799847
-2.5224857302468036,-2.3887341665782635,-2.522397889849944
-2.286268260657097,2.523034298317179,-2.5229859902385092
-2.5227738374339435,2.522826043402485,2.4298875000000004
-2.522469596285368,2.5227958315566275,2.429905462868915
-2.5227622145985458,-2.286798775908669,-2.52232760433991
2.4298875000000004,2.7222091047802333,2.5228676829821888
2.5225389171691726,-2.722183221634442,2.429901170402768
-2.522496090969587,-2.3887238058554803,-2.522387529127161
-2.2862625000000003,2.5230446590399622,-2.522975629515726
-2.52276347671116,2.522836404125268,2.4298978607227837
-2.5224473421367,2.5228180857052953,2.429927717017583
-2.522739960449878,-2.286821030057337,-2.522305350191242
2.4298875000000004,2.722231358928901,2.5228899371308566
2.5225166630205047,-2.7221609674857743,2.4298875000000004
-2.5225183451182547,-2.388746060004148,-2.5224097832758288
-2.286284754148668,2.52306691318863,-2.522997883664394
-2.5227412225624923,2.522858658273936,2.4298875000000004
-2.5224384364493835,2.522826991392612,2.4299366227048993
-2.5227488661371944,-2.2868299357446533,-2.5223142558785585
2.4298875000000004,2.7222224532415846,2.522898842818173
2.522525568707821,-2.722169873173091,2.4298875000000004
-2.522527250805571,-2.3887549656914646,-2.5224008775885123
-2.2862936598359846,2.5230758188759466,-2.5229889779770773
-2.522750128249809,2.5228497525866196,2.429896405687317
-2.5224567755884375,2.5228086522535578,2.4299182835658453
-2.5227672052762484,-2.2868482748837073,-2.5223325950176125
2.4298875000000004,2.7222407923806387,2.522917181957227
2.522543907846875,-2.722188212312145,2.4298875000000004
-2.522545589944625,-2.3887733048305186,-2.5223825384494583
-2.2862753206969306,2.5230574797368925,-2.5230073171161314
-2.522731789110755,2.5228314134475656,2.4298875000000004
-2.5224563173635115,2.5228081940286318,2.4299178253409193
-2.5227667470513224,-2.2868478166587813,-2.5223330532425385
2.4298875000000004,2.7222412506055647,2.522917640182153
2.522543449621949,-2.722187754087219,2.4298879582249264
-2.522546048169551,-2.3887728466055926,-2.5223820802245323
-2.2862748624720046,2.5230570215119665,-2.5230068588912054
-2.522732247335681,2.5228318716724916,2.4298875000000004
-2.522455805540598,2.522808705851545,2.429917313518006
-2.522766235228409,-2.2868483284816947,-2.522333565065452
2.429888011822914,2.7222407387826513,2.5229171283592398
2.5225439614448626,-2.7221872422643054,2.4298875000000004
-2.522545536346638,-2.3887723347826793,-2.522381568401619
-2.2862743506490912,2.523056509689053,-2.5230073707141187
-2.522732759158594,2.522831359849578,2.429888011822914
-2.5224376510123783,2.522826860379765,2.429899158989786
-2.522784389756629,-2.2868664830099146,-2.5223517195936718
2.4298875000000004,2.7222225842544314,2.5229352828874596
2.5225258069166427,-2.7222053967925253,2.4299056545282203
-2.522527381818418,-2.3887541802544594,-2.5223997229298387
-2.2862625000000003,2.5230383551608333,-2.5230255252423386
-2.522750913686814,2.5228132053213583,2.4298875000000004
-2.5224176280296224,2.522806837397009,2.4298875000000004
-2.522764366773873,-2.2868464600271587,-2.5223717425764276
2.4298875000000004,2.7222426072371873,2.5229553058702154
2.5225458298993986,-2.7221853738097694,2.4298875000000004
-2.522547404801174,-2.3887742032372152,-2.5224197459125945
-2.2862625000000003,2.523058378143589,-2.5230455482250944
-2.522730890704058,2.522833228304114,2.4298875000000004
-2.522412501352799,2.5228119640738327,2.4298875000000004
-2.5227592400970495,-2.2868515867039823,-2.522376869253251
2.429892626676824,2.7222374805603637,2.522960432547039
2.522550956576222,-2.722190500486593,2.4298875000000004
-2.5225525314779973,-2.3887690765603917,-2.522424872589418
-2.2862625000000003,2.5230532514667656,-2.523040421548271
-2.5227257640272347,2.5228383549809377,2.429892626676824
-2.522405898691716,2.52280536141275,2.4298875000000004
-2.522752637435967,-2.286858189365065,-2.5223702665921683
2.4298875000000004,2.7222440832214465,2.522953829885956
2.522557559237305,-2.7221971031476757,2.4298875000000004
-2.5225459288169145,-2.388762473899309,-2.5224182699283353
-2.286269102661083,2.523046648805683,-2.5230470242093537
-2.522719161366152,2.522831752319855,2.4298875000000004
-2.522401493387805,2.522809766716661,2.4298875000000004
-2.522748232132056,-2.286862594668976,-2.5223746718960793
2.4298919053039114,2.7222396779175355,2.522949424582045
2.522561964541216,-2.7221926978437647,2.4298875000000004
-2.5225415235130035,-2.388758068595398,-2.5224138646244243
-2.286273507964994,2.523051054109594,-2.5230426189054427
-2.522723566670063,2.522836157623766,2.4298919053039114
-2.5224048153657006,2.5228064447387655,2.4298875000000004
-2.522751554109951,-2.2868592726910806,-2.522371349918184
2.429895227281807,2.722242999895431,2.5229527465599406
2.5225586425633204,-2.7221893758658693,2.429890821977896
-2.522544845490899,-2.3887547466175025,-2.5224171866023197
-2.2862768299428895,2.5230543760874893,-2.523045940883338
-2.5227268886479584,2.5228328356458705,2.429888583326016
-2.5224047086123598,2.5228063379854246,2.4298876067533413
-2.522751660863292,-2.2868591659377397,-2.522371243164843
2.4298953340351477,2.722243106648772,2.5229528533132815
2.5225587493166612,-2.7221892691125285,2.429890715224555
-2.522544738737558,-2.3887546398641617,-2.5224172933556606
-2.2862769366962303,2.52305448284083,-2.5230458341299973
-2.522726995401299,2.5228329423992113,2.429888690079357
-2.522407837600315,2.52280946697338,2.4298875000000004
-2.5227485318753367,-2.2868560369497843,-2.5223681141768877
2.429898463023103,2.722246235636727,2.522949724325326
2.522555620328706,-2.722192398100484,2.4298875862365996
-2.5225416097496027,-2.3887515108762063,-2.522420422343616
-2.286273807708275,2.5230576118287855,-2.5230489631179527
-2.522723866413344,2.522829813411256,2.429891819067312
-2.5223904427133954,2.5228268618603,2.4298875000000004
-2.5227659267622564,-2.286873431836704,-2.5223855090638074
2.4298875000000004,2.7222500000000007,2.5229323294384063
2.522538225441786,-2.7222097929874036,2.4299049811235194
-2.5225590046365225,-2.3887341159892865,-2.522403027456696
-2.2862625000000003,2.5230402169418658,-2.5230663580048724
-2.522706471526424,2.5228472082981757,2.4298875000000004
-2.5224019513955303,2.5228383705424346,2.4298990086821353
-2.5227774354443913,-2.286884940518839,-2.5223970177459423
2.4298875000000004,2.7222500000000007,2.5229208207562714
2.522549734123921,-2.722198284305269,2.4299164898056542
-2.5225705133186573,-2.3887456246714214,-2.522414536138831
-2.2862625000000003,2.5230517256240006,-2.5230778666870073
-2.522694962844289,2.522835699616041,2.4298875000000004
-2.5224173993375882,2.5228538184844926,2.4298875000000004
-2.5227928833864492,-2.286900388460897,-2.5224124656880003
2.4298875000000004,2.7222345520579427,2.5229362686983294
2.522534286181863,-2.7222137322473268,2.4299010418635962
-2.5225550653765993,-2.3887610726134794,-2.522429984080889
-2.2862779479420583,2.5230671735660586,-2.5230933146290653
-2.522679514902231,2.522820251673983,2.4299029479420584
-2.5224202568190006,2.5228509610030803,2.4298875000000004
-2.5227957408678616,-2.2868975309794846,-2.522409608206588
2.429890357481413,2.722237409539355,2.522933411216917
2.5225371436632753,-2.7222108747659144,2.429898184382184
-2.5225579228580117,-2.388758215132067,-2.5224328415623014
-2.2862808054234707,2.523070031047471,-2.523090457147653
-2.5226823723836436,2.522823109155395,2.429905805423471
-2.5224306343913163,2.5228405834307646,2.4298875000000004
-2.5228061184401773,-2.286887153407169,-2.522399230634272
2.4298875000000004,2.7222270319670394,2.5229437887892328
2.522547521235591,-2.72222125233823,2.4299085619544996
-2.5225683004303274,-2.3887478375597513,-2.522443219134617
-2.2862911829957864,2.5230804086197867,-2.5231008347199686
-2.5226927499559593,2.522833486727711,2.4299161829957865
-2.522459676226949,2.5228696252663974,2.4298875000000004
-2.52283516027581,-2.2869161952428017,-2.522428272469905
2.4298875000000004,2.7222500000000007,2.5229728306248655
2.522518479399958,-2.7222500000000007,2.4298875000000004
-2.52259734226596,-2.388776879395384,-2.5224141772989843
-2.286320224831419,2.5231094504554195,-2.5231298765556014
-2.522721791791592,2.522804444892078,2.4298875000000004
-2.522463448394208,2.5228733974336564,2.4298875000000004
-2.522838932443069,-2.2869124230755427,-2.522424500302646
2.4298875000000004,2.7222500000000007,2.5229690584576066
2.522522251567217,-2.7222500000000007,2.4298912721672594
-2.522593570098701,-2.388773107228125,-2.5224104051317253
-2.286323996998678,2.5231056782881605,-2.5231261043883424
-2.522725563958851,2.522800672724819,2.4298875000000004
-2.522476069379499,2.5228860184189474,2.4299001209852915
-2.522826311457778,-2.2868998020902516,-2.522411879317355
2.4298875000000004,2.7222500000000007,2.5229816794428976
2.522509630581926,-2.7222373790147096,2.4298875000000004
-2.52258094911341,-2.388760486242834,-2.5223977841464342
-2.2863366179839693,2.5231182992734515,-2.5231387253736335
-2.52271294297356,2.522788051739528,2.4298875000000004
-2.5224566502617995,2.522905437536647,2.4298875000000004
-2.5228457305754777,-2.286880382972552,-2.5224312984350545
2.4299069191177,2.722230580882301,2.5230010985605973
2.5225290496996258,-2.72221795989701,2.4298875000000004
-2.5225615299957105,-2.3887799053605336,-2.5223783650287346
-2.286356037101669,2.523137718391151,-2.523158144491333
-2.5227323620912596,2.5228074708572277,2.4298875000000004
-2.522459670495084,2.5229084577699314,2.429890520233285
-2.522848750808762,-2.2868773627392676,-2.52242827820177
2.4299099393509844,2.7222275606490167,2.5230041187938816
2.5225260294663414,-2.7222209801302943,2.4298875000000004
-2.522558509762426,-2.3887768851272493,-2.5223753447954502
-2.2863530168683845,2.523134698157867,-2.5231611647246175
-2.5227293418579753,2.522810491090512,2.429890520233285
-2.5224658912106563,2.522914678485504,2.4298875000000004
-2.5228425300931896,-2.286871142023695,-2.5224220574861977
2.429916160066557,2.7222213399334443,2.522997898078309
2.522519808750769,-2.722227200845867,2.4298875000000004
-2.5225522890468537,-2.3887831058428217,-2.522369124079878
-2.286359237583957,2.5231409188734393,-2.52316738544019
-2.522723121142403,2.5228167118060845,2.4298875000000004
-2.522472487166469,2.5229080825296912,2.4298875000000004
-2.5228491260490022,-2.2868777379795078,-2.522415461530385
2.4299227560223695,2.722227935889257,2.5229913021224966
2.5225264047065816,-2.722220604890054,2.4298875000000004
-2.5225588850026663,-2.388776509887009,-2.5223757200356904
-2.2863526416281443,2.5231343229176266,-2.5231739813960026
-2.52271652518659,2.522823307761897,2.429894095955813
-2.5224684947042286,2.5229120749919316,2.4298875000000004
-2.522845133586762,-2.2868737455172674,-2.5224114690681447
2.429918763560129,2.7222319283514973,2.522987309660256
2.522530397168822,-2.7222166124278138,2.4298875000000004
-2.522554892540426,-2.3887805023492494,-2.52237172757345
-2.286348649165904,2.5231303304553863,-2.523169988933762
-2.5227205176488305,2.5228273002241375,2.4298980884180534
-2.5224597353145084,2.522920834381652,2.4298875000000004
-2.522853892976482,-2.2868825049069876,-2.5224027096784245
2.4299275229498494,2.7222406877412175,2.5229960690499764
2.522539156558542,-2.722225371817534,2.4298962593897206
-2.5225461331507057,-2.3887892617389697,-2.5223804869631703
-2.2863398897761837,2.5231390898451065,-2.523161229544042
-2.5227117582591103,2.5228185408344173,2.429889329028333
-2.5224669686809182,2.5229280677480617,2.4298875000000004
-2.522861126342892,-2.2868897382733975,-2.5223954763120147
2.4299202895834395,2.7222479211076274,2.5230033024163863
2.5225319231921324,-2.722218138451124,2.4299034927561305
-2.522538899784296,-2.3887964951053795,-2.5223732535967605
-2.286332656409774,2.5231318564786966,-2.523168462910452
-2.52271899162552,2.5228113074680074,2.429896562394743
-2.5224500264717187,2.5229450099572612,2.4298875000000004
-2.5228780685520915,-2.286906680482597,-2.522378534102815
2.42990334737424,2.722230978898428,2.523020244625586
2.522514980982933,-2.7222011962419246,2.4298875000000004
-2.5225558419934955,-2.388813437314579,-2.52239019580596
-2.2863495986189735,2.523114914269497,-2.5231854051196514
-2.5227359338347197,2.522828249677207,2.4299135046039426
-2.5224467462805737,2.522948290148406,2.4298907801911453
-2.5228813487432364,-2.286903400291452,-2.52238181429396
2.429906627565385,2.7222342590895727,2.5230235248167308
2.5225182611740777,-2.7222044764330695,2.4298875000000004
-2.5225591221846404,-2.388816717505724,-2.522386915614815
-2.2863463184278285,2.523118194460642,-2.5231886853107963
-2.522732653643575,2.522824969486062,2.4299167847950875
-2.522456667623529,2.522938368805451,2.4299007015341005
-2.5228912700861916,-2.2869133216344073,-2.522371892951005
2.4298967062224297,2.7222243377466175,2.5230136034737756
2.5225083398311225,-2.7221945550901143,2.4298875000000004
-2.522549200841685,-2.388806796162769,-2.52237699427186
-2.2863562397707837,2.523108273117687,-2.5231986066537515
-2.52274257498653,2.5228348908290172,2.4299068634521324
-2.522440695624874,2.522922396806796,2.4299166735327553
-2.5229072420848464,-2.286929293633062,-2.5223878649496596
2.4298875000000004,2.7222083657479628,2.5230295754724303
2.5224923678324678,-2.722210527088769,2.4298875000000004
-2.5225332288430304,-2.388790824164114,-2.522361022273205
-2.286340267772129,2.5231242451163416,-2.5232145786524063
-2.5227585469851848,2.522850862827672,2.429922835450787
-2.5224343942514396,2.522928698180231,2.4299103721593207
-2.522913543458281,-2.2869355950064967,-2.522394166323094
2.429893801373435,2.722202064374528,2.5230232740989957
2.5224986692059024,-2.7222168284622037,2.429893801373435
-2.522539530216465,-2.3887845227906794,-2.5223673236466397
-2.2863465691455636,2.523130546489776,-2.523220880025841
-2.52275224561175,2.5228445614542374,2.4299165340773525
-2.522439976459913,2.522934280388704,2.429915954367794
-2.5229191256667542,-2.2869300127980234,-2.5223997485315675
2.429888219164962,2.7222076465830014,2.5230176918905225
2.522493086997429,-2.7222112462537305,2.429888219164962
-2.522533948007992,-2.3887901049991527,-2.522372905855113
-2.286352151354037,2.523124964281303,-2.5232152978173676
-2.5227578278202234,2.5228501436627107,2.4299109518688793
-2.522434586111315,2.5229396707373017,2.4299105640191963
-2.5229137353181565,-2.2869246224494257,-2.522405138880165
2.4298875000000004,2.7222022562344037,2.523012301541925
2.522498477346027,-2.7222058559051328,2.4298936095135595
-2.5225393383565895,-2.388784714650555,-2.5223675155065153
-2.286346761005439,2.5231195739327053,-2.5232206881659653
-2.5227524374716257,2.5228555340113084,2.4299055615202816
-2.5224369463590888,2.5229420309850754,2.4299082037714226
-2.52291609556593,-2.286922262201652,-2.522407499127939
2.4298875000000004,2.7222046164821774,2.523009941294151
2.5225008375938005,-2.7222082161529064,2.429895969761333
-2.522541698604363,-2.3887870748983286,-2.5223651552587416
-2.2863491212532128,2.5231172136849316,-2.523223048413739
-2.5227547977193994,2.522857894259082,2.4299079217680553
-2.5224477443923234,2.5229312329518407,2.429897405738188
-2.522926893599165,-2.2869330602348867,-2.522396701094704
2.429898298033235,2.722215414515412,2.523020739327386
2.522511635627035,-2.722219014186141,2.4298875000000004
-2.522552496637598,-2.388776276865094,-2.522354357225507
-2.286338323219978,2.523106415651697,-2.5232338464469737
-2.5227439996861647,2.5228686922923167,2.42991871980129
-2.5224623059054716,2.522945794464989,2.429911967251336
-2.522941455112313,-2.286947621748035,-2.522382139581556
2.4299128595463833,2.72222997602856,2.5230061778142376
2.522497074113887,-2.7222335756992893,2.4298875000000004
-2.5225379351244497,-2.388761715351946,-2.522368918738655
-2.28632376170683,2.523120977164845,-2.523248407960122
-2.5227294381730165,2.5228541307791685,2.4299041582881418
-2.522465075039777,2.5229485635992943,2.4299147363856415
-2.5229386859780076,-2.2869448526137295,-2.5223849087158614
2.429910090412078,2.7222327451628656,2.5230034086799322
2.5224943049795816,-2.7222363448335947,2.4298875000000004
-2.5225351659901443,-2.3887589462176404,-2.5223716878729605
-2.2863209925725245,2.5231182080305397,-2.5232511770944273
-2.522726669038711,2.522856899913474,2.429906927422447
-2.522462650831978,2.5229509878070933,2.4299123121778425
-2.5229362617702087,-2.2869424284059305,-2.5223824845080625
2.429907666204279,2.7222303209550667,2.523005832887731
2.5224918807717827,-2.7222387690413936,2.4298899242077994
-2.5225327417823453,-2.3887565220098415,-2.5223741120807595
-2.2863234167803235,2.5231206322383386,-2.523253601302226
-2.52272909324651,2.522854475705675,2.429909351630246
-2.5224628749289884,2.5229512119041035,2.429912536274853
-2.522936485867219,-2.2869422043089203,-2.5223827086050727
2.429907890301289,2.7222300968580564,2.523005608790721
2.5224916566747724,-2.7222385449443833,2.429889700110789
-2.522532517685335,-2.3887567461068517,-2.5223743361777697
-2.286323192683313,2.523120856335349,-2.523253377205216
-2.5227293173435203,2.5228542516086647,2.429909127533236
-2.522474029847262,2.522962366822377,2.4299236911931263
-2.5229476407854925,-2.286953359227194,-2.522371553686799
2.4298967353830156,2.722218941939783,2.5229944538724474
2.522480501756499,-2.72222739002611,2.4298875000000004
-2.5225436726036086,-2.3887679010251253,-2.522363181259496
-2.2863120377650397,2.5231320112536224,-2.5232422222869424
-2.522740472261794,2.5228654065269382,2.4299202824515094
-2.5224755398314436,2.5229608568381954,2.4299221812089447
-2.522949150769674,-2.2869548692113755,-2.522373063670981
2.4298982453671973,2.722217431955601,2.522995963856629
2.5224820117406805,-2.7222289000102915,2.4298875000000004
-2.522542162619427,-2.388769411009307,-2.522364691243678
-2.286310527780858,2.5231305012694407,-2.523243732271124
-2.5227419822459756,2.5228638965427566,2.429921792435691
-2.5224794693442285,2.5229647863509803,2.4299182516961597
-2.522953080282459,-2.2869587987241604,-2.522369134158196
2.4299021748799823,2.722221361468386,2.522992034343844
2.5224859412534655,-2.7222328295230764,2.4298914295127854
-2.522546092132212,-2.388773340522092,-2.522360761730893
-2.286306598268073,2.523126571756656,-2.523247661783909
-2.5227459117587605,2.5228678260555415,2.429925721948476
-2.5224866286623344,2.5229719456690862,2.429911092378054
-2.522945920964353,-2.2869516394060545,-2.52236197484009
2.429909334198088,2.722228520786492,2.52299919366195
2.5224931005715714,-2.7222399888411823,2.4298875000000004
-2.522538932814106,-2.388780499840198,-2.522353602412787
-2.286299438949967,2.52311941243855,-2.523254821102015
-2.5227530710768664,2.5228749853736474,2.429932881266582
-2.5224713170166972,2.5229872573147234,2.4298957807324166
-2.522930609318716,-2.2869669510516917,-2.5223772864857272
2.429894022552451,2.722213209140855,2.523014505307587
2.522477788925934,-2.7222500000000007,2.4299028116456376
-2.522554244459743,-2.3887651881945606,-2.5223689140584242
-2.28628412730433,2.523134724084187,-2.523270132747652
-2.5227683827225036,2.5228902970192846,2.429948192912219
-2.522475404968697,2.522983169362724,2.429899868684416
-2.5229346972707156,-2.2869710390036913,-2.522381374437727
2.4298981105044506,2.7222091211888553,2.5230185932595868
2.5224737009739346,-2.722245912048001,2.429906899597637
-2.5225501565077435,-2.388761100242561,-2.522373002010424
-2.2862800393523304,2.5231388120361866,-2.5232742206996517
-2.522764294770504,2.522894384971284,2.4299441049602195
-2.522467415999605,2.522991158331816,2.4299078576535083
-2.5229267083016236,-2.286963050034599,-2.522389363406819
2.4299060994735426,2.7222171101579473,2.5230106042904947
2.5224657120048426,-2.7222500000000007,2.429898910628545
-2.5225581454768355,-2.388753111273469,-2.5223650130413318
-2.2862720503832383,2.5231468010052787,-2.5232822096687437
-2.522756305801412,2.522902373940376,2.4299361159911275
-2.5224672351795117,2.5229909775117227,2.4299080384736014
-2.5229268891217167,-2.286962869214506,-2.522389544226912
2.4299059186534495,2.7222172909780404,2.523010785110588
2.5224655311847495,-2.7222500000000007,2.429898729808452
-2.5225579646567424,-2.388753292093562,-2.5223648322212386
-2.2862722312033315,2.523146981825372,-2.523282390488837
-2.522756486621505,2.522902193120283,2.4299362968112206
-2.522478338223642,2.5229798744675924,2.429896935429471
-2.522937992165847,-2.2869739722586364,-2.5223784411827816
2.429894815609319,2.7222283940221708,2.523021888154718
2.52247663422888,-2.7222388969558704,2.4299098328525823
-2.522546861612612,-2.388742189049432,-2.5223537291771083
-2.2862625000000003,2.523158084869502,-2.5232712874447065
-2.5227453835773748,2.5228910900761528,2.4299251937670903
-2.522470557474833,2.5229720937187836,2.42990471617828
-2.522945772914656,-2.286981753007445,-2.522370660433973
2.4298875000000004,2.7222361747709796,2.5230141074059094
2.5224844149776886,-2.7222311162070616,2.4299020521037735
-2.5225390808638033,-2.388734408300623,-2.5223459484282995
-2.286270280748809,2.5231503041206933,-2.5232635066958977
-2.5227531643261836,2.5228988708249616,2.4299174130182815
-2.5224749618669624,2.522976498110913,2.429909120570409
-2.5229413685225266,-2.2869861573995744,-2.522375064826102
2.4298919043921297,2.7222317703788503,2.5230185117980386
2.5224800105855594,-2.722235520599191,2.4298976477116443
-2.5225434852559325,-2.3887388126927522,-2.5223415440361703
-2.28626587635668,2.5231547085128225,-2.523267911088027
-2.5227487599340543,2.522903275217091,2.4299218174104107
-2.5224749709711185,2.5229764890067568,2.429909129674565
-2.5229413594183705,-2.2869861665037305,-2.522375073930258
2.4298919134962857,2.7222317794830064,2.5230185026938825
2.5224800014814033,-2.722235529703347,2.429897638607488
-2.5225434761517764,-2.388738803588596,-2.5223415531403264
-2.286265867252524,2.5231546994086664,-2.523267920192183
-2.5227487508298982,2.522903284321247,2.4299218083062546
-2.5224681098038637,2.5229833501740115,2.4299022685073104
-2.5229344982511157,-2.2869793053364758,-2.5223682127630034
2.4298987746635405,2.7222249183157516,2.5230253638611373
2.522486862648658,-2.7222423908706017,2.4298907774402334
-2.5225366149845216,-2.388745664755851,-2.5223346919730716
-2.2862727284197786,2.5231615605759212,-2.523274781359438
-2.522755611997153,2.5229101454885017,2.4299286694735094
-2.5224747892933443,2.522990029663492,2.4298955890178298
-2.522927818761635,-2.286972625846995,-2.522374892252484
2.42989209517406,2.722218238826271,2.523032043350618
2.5224935421381387,-2.7222490703600823,2.4298875000000004
-2.5225432944740023,-2.3887389852663703,-2.522328012483591
-2.286279407909259,2.5231548810864406,-2.523268101869957
-2.5227622914866337,2.5229168249779823,2.42993534896299
-2.5224851499797136,2.5230003903498615,2.4298875000000004
-2.522917458075266,-2.286962265160626,-2.5223852529388533
2.429902455860429,2.7222285995126403,2.523042404036987
2.522503902824508,-2.7222500000000007,2.4298875000000004
-2.522532933787633,-2.388728624580001,-2.5223383731699602
-2.28626904722289,2.52316524177281,-2.523257741183588
-2.5227519308002644,2.522906464291613,2.4299249882766207
-2.5224901160947413,2.523005356464889,2.4298875000000004
-2.5229224241902934,-2.2869672312756535,-2.5223802868238256
2.4298974897454015,2.7222236333976126,2.5230374379219596
2.5225088689395356,-2.7222500000000007,2.429892466115028
-2.5225378999026606,-2.3887236584649734,-2.5223334070549326
-2.2862740133379176,2.5231702078878375,-2.5232527750685603
-2.522756896915292,2.5229014981765854,2.4299299543916484
-2.5224705412933397,2.5230249312662907,2.429907074801402
-2.522941998991695,-2.286986806077055,-2.522360712022424
2.4298875000000004,2.722204058596211,2.523017863120558
2.522528443740937,-2.7222500000000007,2.4299120409164296
-2.522557474704062,-2.388704083663572,-2.522313832253531
-2.2862625000000003,2.523189782689239,-2.523272349869962
-2.5227764717166936,2.522921072977987,2.429910379590247
-2.522464332969209,2.5230311395904215,2.429900866477271
-2.5229357906675642,-2.2869805977529243,-2.522366920346555
2.429893708324131,2.7221978502720803,2.523011654796427
2.522534652065068,-2.7222500000000007,2.429905832592299
-2.5225512663799314,-2.388697875339441,-2.522320040577662
-2.2862625000000003,2.52319599101337,-2.523266141545831
-2.5227826800408244,2.522914864653856,2.429904171266116
-2.522474204743818,2.5230410113650303,2.4298909947026623
-2.5229259188929554,-2.286990469527533,-2.5223767921211637
2.4298875000000004,2.7221879784974714,2.523021526571036
2.522524780290459,-2.722240128225392,2.4299157043669077
-2.5225413946053226,-2.388688003564832,-2.5223299123522707
-2.2862625000000003,2.523186119238761,-2.52327601332044
-2.5227925518154333,2.5229049928792473,2.429894299491507
-2.5224850390441325,2.523051845665345,2.4298875000000004
-2.5229150845926407,-2.2869796352272185,-2.5223876264214784
2.429898334300315,2.7221771441971567,2.5230323608713507
2.522535614590774,-2.722229293925077,2.429904870066593
-2.522530560305008,-2.388698837865147,-2.5223407466525853
-2.2862625000000003,2.5231752849384463,-2.5232868476207546
-2.522803386115748,2.522915827179562,2.4298875000000004
-2.522473886361058,2.5230629983484194,2.4298875000000004
-2.522926237275715,-2.286990787910293,-2.522398779104553
2.4298875000000004,2.722188296880231,2.5230212081882764
2.522546767273848,-2.7222404466081516,2.4299160227496674
-2.5225417129880823,-2.388709990548221,-2.522329593969511
-2.2862736526830747,2.5231864376215207,-2.5232756949376802
-2.5227922334326736,2.5229269798626364,2.4298875000000004
-2.5224668634717635,2.523055975459125,2.4298875000000004
-2.5229332601650096,-2.2869837650209983,-2.5224058019938473
2.4298875000000004,2.7221812739909366,2.523014185298982
2.5225537901631427,-2.722247469497446,2.429908999860373
-2.522548735877377,-2.3887170134375157,-2.5223225710802164
-2.2862806755723692,2.5231934605108153,-2.5232827178269748
-2.522799256321968,2.522934002751931,2.429894522889295
-2.52245946950929,2.5230633694215983,2.429894893962474
-2.522940654127483,-2.2869911589834717,-2.522398408031374
2.429894893962474,2.72218866795341,2.523021579261455
2.5225463962006693,-2.7222400755349727,2.4299163938228463
-2.5225413419149034,-2.3887096194750423,-2.522315177117743
-2.286273281609896,2.5232008544732887,-2.5232753238645014
-2.5227918623594947,2.5229413967144043,2.4298875000000004
-2.522447546176282,2.5230752927546063,2.429906817295482
-2.522952577460491,-2.2870030823164798,-2.522410331364382
2.429906817295482,2.722200591286418,2.523009655928447
2.5225344728676613,-2.7222500000000007,2.4299044704898383
-2.5225532652479115,-2.3886976961420343,-2.522327100450751
-2.286285204942904,2.5232127778062967,-2.5232634005314933
-2.5228037856925027,2.5229533200474124,2.4298875000000004
-2.522459749160859,2.5230630897700292,2.429919020280059
-2.522964780445068,-2.287015285301057,-2.522398128379805
2.429894614310905,2.722188388301841,2.523021858913024
2.5225466758522384,-2.7222500000000007,2.429892267505261
-2.5225654682324885,-2.3886854931574573,-2.522339303435328
-2.286273001958327,2.5232005748217197,-2.5232756035160704
-2.5227915827079257,2.5229411170628353,2.4298875000000004
-2.5224676257375265,2.5230709663466966,2.4299268968567262
-2.5229726570217355,-2.287023161877724,-2.5224060049564723
2.4298875000000004,2.7221962648785083,2.5230297354896916
2.522538799275571,-2.7222421234233334,2.4299001440819286
-2.522557591655821,-2.3886933697341246,-2.5223314268586607
-2.286280878534994,2.523208451398387,-2.5232834800927377
-2.522799459284593,2.5229489936395026,2.4298953765766678
-2.5224747546143,2.5230638374699232,2.4299340257334996
-2.522979785898509,-2.287016033000951,-2.5224131338332456
2.4298875000000004,2.7222033937552816,2.523022606612918
2.5225316703987977,-2.72223499454656,2.429893015205155
-2.522550462779048,-2.388700498610898,-2.522338555735434
-2.286273749658221,2.5232155802751604,-2.523290608969511
-2.5228065881613664,2.5229418647627293,2.4298882476998944
-2.5224911926046256,2.523080275460249,2.429917587743174
-2.5229962238888346,-2.2870324709912766,-2.52239669584292
2.4299039379903262,2.7222198317456074,2.5230061686225924
2.5225481083891235,-2.7222500000000007,2.429909453195481
-2.522534024788722,-2.388684060620572,-2.5223221177451083
-2.2862625000000003,2.523232018265486,-2.523307046959837
-2.5227901501710406,2.522958302753055,2.4298875000000004
-2.522486159908488,2.5230853081563867,2.429912555047036
-2.523001256584972,-2.287027438295139,-2.522391663146782
2.4298989052941886,2.72221479904947,2.523001135926455
2.522553141085261,-2.7222500000000007,2.4299144858916186
-2.5225289920925844,-2.3886790279244345,-2.5223170850489707
-2.2862625000000003,2.5232370509616238,-2.5233020142636993
-2.522785117474903,2.5229633354491927,2.429892532696138
-2.5224869707567454,2.523086119004644,2.4299133658952936
-2.5230020674332296,-2.2870282491433964,-2.5223908522985248
2.429899716142446,2.7222139882012124,2.5230003250781974
2.5225523302370036,-2.7222491891517433,2.429913675043361
-2.522529802940842,-2.388678217076177,-2.522317895897228
-2.2862625000000003,2.5232362401133663,-2.5233028251119567
-2.5227859283231604,2.5229625246009353,2.4298933435443955
-2.5224818594649476,2.523091230296442,2.429908254603496
-2.5230071787250274,-2.2870231378515986,-2.5223959635903226
2.429904827434244,2.7222088769094146,2.523005436369995
2.5225574415288015,-2.7222440778599455,2.4299085637515634
-2.5225349142326396,-2.388683328367975,-2.522323007189026
-2.2862625000000003,2.5232311288215685,-2.5233079364037545
-2.5227808170313626,2.522967635892733,2.4298984548361933
-2.522473008398718,2.5231000813626716,2.4299171056697255
-2.5229983276587977,-2.2870319889178283,-2.522387112524093
2.429895976368014,2.722200025843185,2.523014287436225
2.5225485904625717,-2.7222500000000007,2.4298997126853337
-2.52252606316641,-2.388674477301745,-2.5223318582552556
-2.2862625000000003,2.523222277755339,-2.5233167874699842
-2.522771965965133,2.522976486958963,2.429907305902423
-2.5224707673249434,2.523097840288897,2.4299193467435
-2.5230005687325723,-2.2870297478440538,-2.5223848714503183
2.4298982174417887,2.7221977847694103,2.5230165285099995
2.5225508315363463,-2.722247758926226,2.429897471611559
-2.5225238220926354,-2.3886767183755198,-2.52233409932903
-2.2862625000000003,2.5232245188291134,-2.5233145463962097
-2.5227697248913583,2.5229787280327374,2.4299050648286484
-2.5224576271776056,2.523110980436235,2.4299062065961623
-2.5229874285852345,-2.287016607696716,-2.522398011597656
2.4298875000000004,2.722210924916748,2.5230033883626617
2.522563971683684,-2.7222500000000007,2.4298875000000004
-2.5225106819452976,-2.3886898585228575,-2.522347239476368
-2.286275640147338,2.523237658976451,-2.523301406248872
-2.522782865038696,2.522991868180075,2.4298919246813107
-2.5224520981394383,2.523116509474402,2.429900677557995
-2.522992957623402,-2.2870221367348833,-2.522392482559489
2.4298930290381677,2.722205395878581,2.5229978593244944
2.5225584426455168,-2.7222500000000007,2.4298875000000004
-2.522516210983465,-2.3886843294846902,-2.5223417104382007
-2.2862701111091708,2.523232129938284,-2.5232958772107046
-2.5227883940768634,2.5229973972182425,2.429897453719478
-2.5224616493979934,2.523106958215847,2.42989112629944
-2.5229834063648466,-2.2870316879934385,-2.5223829313009336
2.429902580296723,2.722214947137136,2.5230074105830496
2.522567993904072,-2.7222404487414456,2.4298875000000004
-2.52252576224202,-2.3886938807432454,-2.5223321591796455
-2.2862625000000003,2.523241681196839,-2.5233054284692598
-2.5227979453354186,2.5230069484767976,2.429907004978033
-2.5224565731931867,2.5231018820110402,2.4298875000000004
-2.5229884825696534,-2.287036764198245,-2.5223880075057403
2.4299076565015296,2.7222098709323292,2.5230124867878563
2.5225730701088787,-2.7222455249462523,2.4298875000000004
-2.522530838446827,-2.388698956948052,-2.522337235384452
-2.286267576204807,2.5232366049920323,-2.523300352264453
-2.5228030215402253,2.5230120246816043,2.4299019287732264
-2.522455414391442,2.5231007232092955,2.4298875000000004
-2.522989641371398,-2.28703792299999,-2.522389166307485
2.429906497699785,2.7222087121305845,2.523013645589601
2.5225742289106234,-2.722246683747997,2.4298875000000004
-2.522529679645082,-2.388700115749797,-2.5223360765827074
-2.286268735006552,2.5232354461902875,-2.5232991934627083
-2.5228018627384805,2.523013183483349,2.429903087574971
-2.522453086706301,2.5230983955241544,2.4298875000000004
-2.522991969056539,-2.287035595314849,-2.522386838622344
2.429908825384926,2.7222110398157255,2.523015973274742
2.5225719012254824,-2.722244356062856,2.4298898276851415
-2.522532007330223,-2.388697788064656,-2.5223384042678485
-2.286271062691693,2.5232377738754286,-2.523296865777567
-2.5228041904236216,2.52301551116849,2.42990075988983
-2.5224572527199465,2.5231025615378,2.429891666013646
-2.522996135070185,-2.2870397613284945,-2.5223910046359896
2.4299129913985715,2.72220687380208,2.5230201392883878
2.5225677352118367,-2.7222401900492104,2.4298875000000004
-2.5225361733438687,-2.38869362205101,-2.522342570281494
-2.2862668966780473,2.523233607861783,-2.5232926997639216
-2.522808356437267,2.523019677182136,2.4299049259034757
-2.5224575398344875,2.523102848652341,2.429891378899105
-2.522995847955644,-2.2870394742139535,-2.5223912917505307
2.4299132785131126,2.722207160916621,2.5230198521738467
2.5225674480972957,-2.7222404771637514,2.4298877871145415
-2.5225358862293277,-2.388693334936469,-2.522342857396035
-2.2862671837925883,2.523233894976324,-2.5232924126493805
-2.5228086435518082,2.523019964296677,2.4299046387889347
-2.522482500474252,2.5231278092921055,2.4298875000000004
-2.5230208085954082,-2.287064434853718,-2.5223663311107662
2.429888317873348,2.7222321215563854,2.523044812813611
2.5225424874575313,-2.7222500000000007,2.429912747754306
-2.522560846869092,-2.3886683742967048,-2.5223678180357996
-2.2862921444323527,2.5232588556160884,-2.523317373289145
-2.5228336041915727,2.5230449249364413,2.4298875000000004
-2.5224758154017803,2.523134494364577,2.429894185072472
-2.5230141235229366,-2.2870711199261895,-2.5223596460382947
2.4298950029458197,2.722225436483914,2.5230381277411396
2.5225358023850597,-2.7222500000000007,2.4299060626818343
-2.5225541617966205,-2.388661689224233,-2.522361132963328
-2.286285459359881,2.523252170543617,-2.5233240583616166
-2.5228402892640442,2.523051610008913,2.4298875000000004
-2.5224678520937793,2.523126531056576,2.429902148380473
-2.5230220868309376,-2.2870790832341905,-2.5223676093462957
2.4298875000000004,2.722233399791915,2.5230301644331385
2.5225437656930607,-2.7222420366919997,2.4298980993738333
-2.5225461984886195,-2.388669652532234,-2.522369096271329
-2.286293422667882,2.523244207235616,-2.5233320216696176
-2.5228482525720453,2.523059573316914,2.4298875000000004
-2.52247362103334,2.5231322999961368,2.4299079173200338
-2.523016317891377,-2.28707331429463,-2.522361840406735
2.4298875000000004,2.7222391687314755,2.5230359333726993
2.5225495346326214,-2.7222478056315604,2.4298923304342726
-2.52255196742818,-2.388675421471795,-2.5223633273317683
-2.2862876537283214,2.523238438296055,-2.5233377906091783
-2.5228424836324845,2.5230653422564746,2.429893268939561
-2.5224751474597142,2.5231307735697626,2.4299063908936596
-2.5230147914650027,-2.287074840721004,-2.522363366833109
2.4298890264263746,2.7222406951578497,2.5230374597990735
2.5225480082062472,-2.7222462792051862,2.4298908040078984
-2.522550441001806,-2.3886738950454207,-2.522361800905394
-2.2862861273019472,2.5232399647224293,-2.5233393170355525
-2.5228409572061103,2.5230638158301004,2.4298947953659353
-2.5224666724516593,2.5231392485778175,2.4298979158856047
-2.523006316456948,-2.287083315729059,-2.5223548918250542
2.4298975014344295,2.7222491701659046,2.5230459348071284
2.5225395331981924,-2.7222500000000007,2.4298992790159533
-2.522541965993751,-2.388665420037366,-2.522353325897339
-2.2862776522938923,2.523248439730484,-2.5233477920436074
-2.5228494322141652,2.5230722908381553,2.4299032703739902
-2.522465547303337,2.52314037372614,2.429899041033927
-2.5230051913086253,-2.2870821905807364,-2.5223560169733767
2.429896376286107,2.722248045017582,2.523047059955451
2.52253840804987,-2.722248874851678,2.4299004041642758
-2.5225408408454286,-2.3886642948890433,-2.5223522007490167
-2.28627652714557,2.5232473145821617,-2.52334891719193
-2.5228483070658427,2.523073415986478,2.4299021452256677
-2.522457772645819,2.5231481483836578,2.4298912663764094
-2.5229974166511075,-2.2870744159232186,-2.522348242315859
2.4299041509436248,2.7222402703600643,2.5230548346129686
2.5225461827073876,-2.7222411001941604,2.429892629506758
-2.522533066187911,-2.3886565202315255,-2.522344426091499
-2.286268752488052,2.523239539924644,-2.5233566918494477
-2.5228560817233605,2.52306564132896,2.42989437056815
-2.5224622487119017,2.523143672317575,2.4298875000000004
-2.522992940585025,-2.2870788919893013,-2.5223437662497763
2.429899674877542,2.7222357942939817,2.523050358546886
2.522541706641305,-2.722245576260243,2.4298881534406753
-2.5225375422539935,-2.388660996297608,-2.522339950025416
-2.2862642764219694,2.5232440159907266,-2.523352215783365
-2.522860557789443,2.5230701173950427,2.4298988466342326
-2.5224724614291114,2.5231538850347848,2.4298875000000004
-2.5230031533022346,-2.2870686792720916,-2.5223335535325666
2.429909887594752,2.7222460070111913,2.5230605712640957
2.5225314939240953,-2.7222353635430334,2.4298875000000004
-2.522527329536784,-2.3886507835803985,-2.522350162742626
-2.286274489139179,2.523233803273517,-2.5233624285005747
-2.522870770506653,2.523059904677833,2.429888633917023
-2.5224671498884046,2.5231591965754916,2.4298875000000004
-2.5229978417615277,-2.2870739908127984,-2.5223388650732734
2.4299151991354586,2.7222406954704845,2.523055259723389
2.5225261823833884,-2.7222406750837402,2.4298875000000004
-2.5225326410774906,-2.3886454720396917,-2.5223554742833327
-2.2862691775984723,2.5232391148142237,-2.523357116959868
-2.522865458965946,2.523054593137126,2.4298875000000004
-2.5224749318874817,2.5231514145764145,2.4298952819990776
-2.523005623760605,-2.2870817728118755,-2.5223310830741963
2.4299074171363815,2.7222329134714074,2.5230474777243117
2.5225184003843113,-2.7222484570828174,2.4298952819990776
-2.522540423076568,-2.3886376900406145,-2.52236325628241
-2.2862769595975494,2.523246896813301,-2.523364898958945
-2.522873240965023,2.5230623751362034,2.4298875000000004
-2.522470625188475,2.523155721275421,2.429890975300071
-2.523001317061598,-2.2870774661128688,-2.5223267763751895
2.4299117238353882,2.722237220170414,2.5230517844233185
2.522522707083318,-2.7222441503838106,2.4298995886980843
-2.5225447297755745,-2.388633383341608,-2.5223675629814166
-2.2862726528985426,2.5232512035123076,-2.5233605922599383
-2.52287754766403,2.5230580684371966,2.4298875000000004
-2.5224744799881904,2.5231595760751366,2.4298948300997862
-2.5230051718613136,-2.287081320912584,-2.522322921575474
2.4299155786351037,2.7222333653706987,2.523047929623603
2.5225265618830335,-2.722248005183526,2.429895733898369
-2.52254858457529,-2.3886295285418924,-2.522363708181701
-2.286268798098827,2.523255058312023,-2.523356737460223
-2.5228814024637454,2.523054213637481,2.429891354799716
-2.5224795869438843,2.5231544691194427,2.4298897231440924
-2.5230102788170075,-2.287086427868278,-2.522328028531168
2.4299104716794098,2.722228258415005,2.523042822667909
2.5225214549273396,-2.7222500000000007,2.429890626942675
-2.522553691530984,-2.3886346354975863,-2.5223586012260073
-2.2862636911431333,2.523260165267717,-2.523351630504529
-2.5228762955080515,2.523059320593175,2.4298964617554097
-2.5224875521565857,2.523162434332144,2.4298875000000004
-2.523018244029709,-2.2870943930809795,-2.5223200633184666
2.4299025064667084,2.7222202932023034,2.5230507878806105
2.522513489714638,-2.7222500000000007,2.4298875000000004
-2.5225616567436853,-2.3886426007102877,-2.5223665664387087
-2.2862716563558347,2.5232522000550155,-2.5233436652918275
-2.52286833029535,2.5230672858058765,2.429904426968111
-2.5224863169052254,2.523161199080784,2.4298887352513607
-2.523019479281069,-2.28709562833234,-2.5223188280671063
2.4299037417180687,2.7222215284536637,2.523052023131971
2.5225147249659985,-2.7222500000000007,2.4298875000000004
-2.522560421492325,-2.3886413654589274,-2.5223653311873484
-2.286272891607195,2.523253435306376,-2.523342430040467
-2.5228670950439898,2.523068521057237,2.4299056622194715
-2.5224997550152897,2.523174637190848,2.4298875000000004
-2.5230329173911334,-2.287109066442404,-2.522305389957042
2.429917179828133,2.7222080903435995,2.523065461242035
2.5225281630760628,-2.7222365618899365,2.4298875000000004
-2.5225469833822607,-2.3886548035689916,-2.522351893077284
-2.2862863297172593,2.52326687341644,-2.523328991930403
-2.5228536569339255,2.523081959167301,2.429892224109407
-2.5225180812789683,2.5231929634545267,2.4298875000000004
-2.523051243654812,-2.2871273927060827,-2.5222870636933634
2.4298988535644543,2.722226416607278,2.5230837875057137
2.5225464893397413,-2.722218235626258,2.4298875000000004
-2.5225653096459393,-2.388636477305313,-2.5223335668136055
-2.2862680034535807,2.5232485471527615,-2.5233473181940815
-2.522871983197604,2.5230636329036225,2.429910550373086
-2.5225221135579714,2.5231889311755236,2.4298875000000004
-2.523047211375809,-2.2871233604270795,-2.5222830314143603
2.429894821285451,2.722222384328275,2.523087819784717
2.522542457060738,-2.722222267905261,2.4298875000000004
-2.5225693419249424,-2.38863244502631,-2.5223375990926087
-2.286272035732584,2.5232525794317646,-2.5233432859150784
-2.522867950918601,2.5230596006246193,2.4299065180940826
